-- MySQL dump 10.13  Distrib 8.0.38, for macos14 (arm64)
--
-- Host: localhost    Database: commerce
-- ------------------------------------------------------
-- Server version	8.0.37

/*!40101 SET @OLD_CHARACTER_SET_CLIENT=@@CHARACTER_SET_CLIENT */;
/*!40101 SET @OLD_CHARACTER_SET_RESULTS=@@CHARACTER_SET_RESULTS */;
/*!40101 SET @OLD_COLLATION_CONNECTION=@@COLLATION_CONNECTION */;
/*!50503 SET NAMES utf8 */;
/*!40103 SET @OLD_TIME_ZONE=@@TIME_ZONE */;
/*!40103 SET TIME_ZONE='+00:00' */;
/*!40014 SET @OLD_UNIQUE_CHECKS=@@UNIQUE_CHECKS, UNIQUE_CHECKS=0 */;
/*!40014 SET @OLD_FOREIGN_KEY_CHECKS=@@FOREIGN_KEY_CHECKS, FOREIGN_KEY_CHECKS=0 */;
/*!40101 SET @OLD_SQL_MODE=@@SQL_MODE, SQL_MODE='NO_AUTO_VALUE_ON_ZERO' */;
/*!40111 SET @OLD_SQL_NOTES=@@SQL_NOTES, SQL_NOTES=0 */;

--
-- Table structure for table `card_status`
--

DROP TABLE IF EXISTS `card_status`;
/*!40101 SET @saved_cs_client     = @@character_set_client */;
/*!50503 SET character_set_client = utf8mb4 */;
CREATE TABLE `card_status` (
  `card_id` varchar(20) NOT NULL,
  `activity` tinyint DEFAULT NULL,
  PRIMARY KEY (`card_id`),
  CONSTRAINT `card_status_ibfk_1` FOREIGN KEY (`card_id`) REFERENCES `credit_cards` (`id`)
) ENGINE=InnoDB DEFAULT CHARSET=utf8mb4 COLLATE=utf8mb4_0900_ai_ci;
/*!40101 SET character_set_client = @saved_cs_client */;

--
-- Dumping data for table `card_status`
--

LOCK TABLES `card_status` WRITE;
/*!40000 ALTER TABLE `card_status` DISABLE KEYS */;
INSERT INTO `card_status` VALUES ('CcU-2938',1),('CcU-2945',1),('CcU-2952',1),('CcU-2959',1),('CcU-2966',1),('CcU-2973',1),('CcU-2980',1),('CcU-2987',1),('CcU-2994',1),('CcU-3001',1),('CcU-3008',1),('CcU-3015',1),('CcU-3022',1),('CcU-3029',1),('CcU-3036',1),('CcU-3043',1),('CcU-3050',1),('CcU-3057',1),('CcU-3064',1),('CcU-3071',1),('CcU-3078',1),('CcU-3085',1),('CcU-3092',1),('CcU-3099',1),('CcU-3106',1),('CcU-3113',1),('CcU-3120',1),('CcU-3127',1),('CcU-3134',1),('CcU-3141',1),('CcU-3148',1),('CcU-3155',1),('CcU-3162',1),('CcU-3169',1),('CcU-3176',1),('CcU-3183',1),('CcU-3190',1),('CcU-3197',1),('CcU-3204',1),('CcU-3211',1),('CcU-3218',1),('CcU-3225',1),('CcU-3232',1),('CcU-3239',1),('CcU-3246',1),('CcU-3253',1),('CcU-3260',1),('CcU-3267',1),('CcU-3274',1),('CcU-3281',1),('CcU-3288',1),('CcU-3295',1),('CcU-3302',1),('CcU-3309',1),('CcU-3316',1),('CcU-3323',1),('CcU-3330',1),('CcU-3337',1),('CcU-3344',1),('CcU-3351',1),('CcU-3358',1),('CcU-3365',1),('CcU-3372',1),('CcU-3379',1),('CcU-3386',1),('CcU-3393',1),('CcU-3400',1),('CcU-3407',1),('CcU-3414',1),('CcU-3421',1),('CcU-3428',1),('CcU-3435',1),('CcU-3442',1),('CcU-3449',1),('CcU-3456',1),('CcU-3463',1),('CcU-3470',1),('CcU-3477',1),('CcU-3484',1),('CcU-3491',1),('CcU-3498',1),('CcU-3505',1),('CcU-3512',1),('CcU-3519',1),('CcU-3526',1),('CcU-3533',1),('CcU-3540',1),('CcU-3547',1),('CcU-3554',1),('CcU-3561',1),('CcU-3568',1),('CcU-3575',1),('CcU-3582',1),('CcU-3589',1),('CcU-3596',1),('CcU-3603',1),('CcU-3610',1),('CcU-3617',1),('CcU-3624',1),('CcU-3631',1),('CcU-3638',1),('CcU-3645',1),('CcU-3652',1),('CcU-3659',1),('CcU-3666',1),('CcU-3673',1),('CcU-3680',1),('CcU-3687',1),('CcU-3694',1),('CcU-3701',1),('CcU-3708',1),('CcU-3715',1),('CcU-3722',1),('CcU-3729',1),('CcU-3736',1),('CcU-3743',1),('CcU-3750',1),('CcU-3757',1),('CcU-3764',1),('CcU-3771',1),('CcU-3778',1),('CcU-3785',1),('CcU-3792',1),('CcU-3799',1),('CcU-3806',1),('CcU-3813',1),('CcU-3820',1),('CcU-3827',1),('CcU-3834',1),('CcU-3841',1),('CcU-3848',1),('CcU-3855',1),('CcU-3862',1),('CcU-3869',1),('CcU-3876',1),('CcU-3883',1),('CcU-3890',1),('CcU-3897',1),('CcU-3904',1),('CcU-3911',1),('CcU-3918',1),('CcU-3925',1),('CcU-3932',1),('CcU-3939',1),('CcU-3946',1),('CcU-3953',1),('CcU-3960',1),('CcU-3967',1),('CcU-3974',1),('CcU-3981',1),('CcU-3988',1),('CcU-3995',1),('CcU-4002',1),('CcU-4009',1),('CcU-4016',1),('CcU-4023',1),('CcU-4030',1),('CcU-4037',1),('CcU-4044',1),('CcU-4051',1),('CcU-4058',1),('CcU-4065',1),('CcU-4072',1),('CcU-4079',1),('CcU-4086',1),('CcU-4093',1),('CcU-4100',1),('CcU-4107',1),('CcU-4114',1),('CcU-4121',1),('CcU-4128',1),('CcU-4135',1),('CcU-4142',1),('CcU-4149',1),('CcU-4156',1),('CcU-4163',1),('CcU-4170',1),('CcU-4177',1),('CcU-4184',1),('CcU-4191',1),('CcU-4198',1),('CcU-4205',1),('CcU-4212',1),('CcU-4219',1),('CcU-4226',1),('CcU-4233',1),('CcU-4240',1),('CcU-4247',1),('CcU-4254',1),('CcU-4261',1),('CcU-4268',1),('CcU-4275',1),('CcU-4282',1),('CcU-4289',1),('CcU-4296',1),('CcU-4303',1),('CcU-4310',1),('CcU-4317',1),('CcU-4324',1),('CcU-4331',1),('CcU-4338',1),('CcU-4345',1),('CcU-4352',1),('CcU-4359',1),('CcU-4366',1),('CcU-4373',1),('CcU-4380',1),('CcU-4387',1),('CcU-4394',1),('CcU-4401',1),('CcU-4408',1),('CcU-4415',1),('CcU-4422',1),('CcU-4429',1),('CcU-4436',1),('CcU-4443',1),('CcU-4450',1),('CcU-4457',1),('CcU-4464',1),('CcU-4471',1),('CcU-4478',1),('CcU-4485',1),('CcU-4492',1),('CcU-4499',1),('CcU-4506',1),('CcU-4513',1),('CcU-4520',1),('CcU-4527',1),('CcU-4534',1),('CcU-4541',1),('CcU-4548',1),('CcU-4555',1),('CcU-4562',1),('CcU-4569',1),('CcU-4576',1),('CcU-4583',1),('CcU-4590',1),('CcU-4597',1),('CcU-4604',1),('CcU-4611',1),('CcU-4618',1),('CcU-4625',1),('CcU-4632',1),('CcU-4639',1),('CcU-4646',1),('CcU-4653',1),('CcU-4660',1),('CcU-4667',1),('CcU-4674',1),('CcU-4681',1),('CcU-4688',1),('CcU-4695',1),('CcU-4702',1),('CcU-4709',1),('CcU-4716',1),('CcU-4723',1),('CcU-4730',1),('CcU-4737',1),('CcU-4744',1),('CcU-4751',1),('CcU-4758',1),('CcU-4765',1),('CcU-4772',1),('CcU-4779',1),('CcU-4786',1),('CcU-4793',1),('CcU-4800',1),('CcU-4807',1),('CcU-4814',1),('CcU-4821',1),('CcU-4828',1),('CcU-4835',1),('CcU-4842',1),('CcU-4849',1),('CcU-4856',1);
/*!40000 ALTER TABLE `card_status` ENABLE KEYS */;
UNLOCK TABLES;

--
-- Table structure for table `companies`
--

DROP TABLE IF EXISTS `companies`;
/*!40101 SET @saved_cs_client     = @@character_set_client */;
/*!50503 SET character_set_client = utf8mb4 */;
CREATE TABLE `companies` (
  `company_id` varchar(15) NOT NULL,
  `company_name` varchar(100) DEFAULT NULL,
  `phone` varchar(15) DEFAULT NULL,
  `email` varchar(100) DEFAULT NULL,
  `country` varchar(50) DEFAULT NULL,
  `website` varchar(100) DEFAULT NULL,
  PRIMARY KEY (`company_id`)
) ENGINE=InnoDB DEFAULT CHARSET=utf8mb4 COLLATE=utf8mb4_0900_ai_ci;
/*!40101 SET character_set_client = @saved_cs_client */;

--
-- Dumping data for table `companies`
--

LOCK TABLES `companies` WRITE;
/*!40000 ALTER TABLE `companies` DISABLE KEYS */;
INSERT INTO `companies` VALUES ('b-2222','Ac Fermentum Incorporated','06 85 56 52 33','donec.porttitor.tellus@yahoo.net','Germany','https://instagram.com/site\r'),('b-2226','Magna A Neque Industries','04 14 44 64 62','risus.donec.nibh@icloud.org','Australia','https://whatsapp.com/group/9\r'),('b-2230','Fusce Corp.','08 14 97 58 85','risus@protonmail.edu','United States','https://pinterest.com/sub/cars\r'),('b-2234','Convallis In Incorporated','06 66 57 29 50','mauris.ut@aol.couk','Germany','https://cnn.com/user/110\r'),('b-2238','Ante Iaculis Nec Foundation','08 23 04 99 53','sed.dictum.proin@outlook.ca','New Zealand','https://netflix.com/settings\r'),('b-2242','Donec Ltd','01 25 51 37 37','at.iaculis@hotmail.couk','Norway','https://nytimes.com/user/110\r'),('b-2246','Sed Nunc Ltd','02 62 64 73 48','nibh@yahoo.org','United Kingdom','https://cnn.com/one\r'),('b-2250','Amet Nulla Donec Corporation','07 15 25 14 74','mattis.integer.eu@protonmail.net','Italy','https://netflix.com/sub/cars\r'),('b-2254','Nascetur Ridiculus Mus Inc.','06 26 87 61 84','suspendisse.dui@icloud.net','United States','https://ebay.com/sub\r'),('b-2258','Vestibulum Lorem PC','02 02 87 33 40','aenean.massa.integer@aol.net','Belgium','https://pinterest.com/sub/cars\r'),('b-2262','Gravida Sagittis LLP','03 81 28 33 97','turpis.vitae@google.ca','Sweden','https://naver.com/site\r'),('b-2266','Mus Aenean Eget Foundation','06 25 15 52 43','mi.duis@hotmail.net','Sweden','https://instagram.com/group/9\r'),('b-2270','Dis Parturient Institute','05 36 29 78 74','purus@protonmail.org','Ireland','https://google.com/one\r'),('b-2274','Sed LLC','01 63 16 26 52','at@outlook.com','Belgium','https://reddit.com/fr\r'),('b-2278','Arcu LLP','06 46 04 41 45','dui@aol.ca','Norway','https://yahoo.com/sub\r'),('b-2282','Pretium Neque Corp.','07 77 48 55 28','eleifend.nec.malesuada@protonmail.couk','Australia','https://netflix.com/sub\r'),('b-2286','Fringilla LLC','08 29 15 93 57','gravida@protonmail.couk','New Zealand','https://reddit.com/user/110\r'),('b-2290','Quisque Libero LLC','01 45 48 71 11','sapien.molestie.orci@hotmail.couk','China','https://baidu.com/group/9\r'),('b-2294','Auctor Mauris Vel LLP','08 09 28 74 14','nec.tempus@icloud.couk','United States','https://instagram.com/fr\r'),('b-2298','Elit Etiam Laoreet Associates','07 69 74 17 45','ultrices@google.couk','Canada','https://yahoo.com/fr\r'),('b-2302','Nunc Interdum Incorporated','05 18 15 48 13','non@outlook.com','Germany','https://wikipedia.org/en-us\r'),('b-2306','Augue Foundation','06 88 43 15 63','mauris@yahoo.com','Germany','https://baidu.com/sub/cars\r'),('b-2310','Non Magna LLC','06 71 73 13 17','nisl.quisque.fringilla@hotmail.ca','United Kingdom','https://whatsapp.com/site\r'),('b-2314','A Institute','03 34 91 68 65','metus.aliquam@google.edu','Belgium','https://reddit.com/fr\r'),('b-2318','Quam A Felis Industries','04 87 10 27 16','proin.velit@icloud.edu','Italy','https://ebay.com/settings\r'),('b-2322','Integer Mollis Corp.','03 12 20 45 24','eu.eros@protonmail.ca','Italy','https://netflix.com/group/9\r'),('b-2326','Enim Condimentum Ltd','09 55 51 66 25','imperdiet.non.vestibulum@yahoo.net','United Kingdom','https://cnn.com/group/9\r'),('b-2330','Donec Fringilla PC','01 51 58 14 44','ut.tincidunt@hotmail.ca','France','https://google.com/fr\r'),('b-2334','Amet Institute','06 33 40 21 33','nullam.lobortis.quam@outlook.net','Australia','https://nytimes.com/one\r'),('b-2338','Magna Incorporated','07 73 69 44 18','non@google.net','New Zealand','https://twitter.com/en-us\r'),('b-2342','Fringilla Porttitor Incorporated','06 30 30 97 81','ultrices.a.auctor@protonmail.couk','Sweden','https://wikipedia.org/settings\r'),('b-2346','Ut Semper Foundation','01 60 36 33 06','consectetuer@google.ca','Sweden','https://ebay.com/settings\r'),('b-2350','Aliquet Vel Vulputate Incorporated','04 40 43 84 18','suspendisse.commodo@outlook.couk','Netherlands','https://facebook.com/one\r'),('b-2354','Ac Libero Inc.','04 36 20 64 29','mollis.lectus@protonmail.ca','United Kingdom','https://reddit.com/one\r'),('b-2358','Ac Industries','09 34 65 40 60','ipsum@yahoo.com','Germany','https://bbc.co.uk/group/9\r'),('b-2362','Lorem Eu Incorporated','01 83 66 62 07','enim.gravida.sit@hotmail.net','Canada','https://baidu.com/en-ca\r'),('b-2366','Mauris Institute','05 29 60 36 87','morbi.vehicula@outlook.couk','Sweden','https://ebay.com/sub/cars\r'),('b-2370','Non Justo Corp.','09 30 54 14 44','urna.ut.tincidunt@yahoo.edu','Sweden','https://baidu.com/en-us\r'),('b-2374','Amet Faucibus Ut Foundation','03 21 62 47 12','malesuada@icloud.net','United Kingdom','https://zoom.us/fr\r'),('b-2378','Erat LLP','03 18 88 77 79','non.vestibulum@protonmail.net','Netherlands','https://ebay.com/fr\r'),('b-2382','Neque Tellus Incorporated','04 43 18 34 19','ultrices.iaculis.odio@aol.ca','Ireland','https://google.com/site\r'),('b-2386','Lacus Quisque Associates','06 26 86 55 77','convallis@yahoo.couk','United States','https://baidu.com/group/9\r'),('b-2390','Neque Tellus Imperdiet Corp.','09 15 42 22 11','vestibulum.ante.ipsum@aol.edu','Ireland','https://whatsapp.com/sub/cars\r'),('b-2394','Tortor Nunc Commodo Company','05 35 92 77 16','placerat.cras@hotmail.net','United States','https://zoom.us/settings\r'),('b-2398','Eget Ipsum Ltd','03 67 44 56 72','lacinia.at.iaculis@hotmail.net','United States','https://whatsapp.com/settings\r'),('b-2402','At Pede Corp.','06 14 48 33 15','ac.mi.eleifend@hotmail.edu','Italy','https://netflix.com/site\r'),('b-2406','Non Ante LLP','08 89 47 65 08','at.augue.id@aol.net','Sweden','https://nytimes.com/group/9\r'),('b-2410','Sed Id Limited','07 28 18 18 13','iaculis.enim@outlook.net','United States','https://netflix.com/sub/cars\r'),('b-2414','Netus Et Malesuada Ltd','02 55 43 68 46','et.ipsum.cursus@aol.edu','Netherlands','https://baidu.com/sub/cars\r'),('b-2418','Mauris Id Inc.','04 83 24 50 85','bibendum.sed.est@yahoo.net','Ireland','https://google.com/one\r'),('b-2422','Urna Convallis Associates','06 01 24 77 04','aliquam@yahoo.org','United States','https://cnn.com/sub/cars\r'),('b-2426','Pede Cum Ltd','07 62 26 48 38','lorem.ipsum.sodales@yahoo.ca','Norway','https://cnn.com/one\r'),('b-2430','Interdum Feugiat Sed Associates','04 88 40 32 52','consectetuer.mauris@yahoo.couk','United Kingdom','https://nytimes.com/sub\r'),('b-2434','Tristique Neque Venenatis Institute','04 34 85 12 85','ullamcorper.magna@hotmail.ca','Sweden','https://ebay.com/sub\r'),('b-2438','Nunc Ac PC','03 53 62 76 95','non.ante@google.com','Sweden','https://nytimes.com/fr\r'),('b-2442','Aliquam Erat Volutpat LLP','06 01 63 57 66','pede.nunc@icloud.net','Italy','https://instagram.com/fr\r'),('b-2446','Risus Associates','04 25 82 54 31','egestas.ligula.nullam@google.edu','Australia','https://whatsapp.com/group/9\r'),('b-2450','Turpis Company','09 69 48 65 52','cursus.integer@outlook.ca','Netherlands','https://instagram.com/sub\r'),('b-2454','Justo Eu Arcu Ltd','08 42 56 71 52','ac.facilisis@icloud.couk','Italy','https://nytimes.com/group/9\r'),('b-2458','Eget Tincidunt Dui Institute','05 35 93 32 44','eget.laoreet@hotmail.org','Netherlands','https://wikipedia.org/user/110\r'),('b-2462','Pede Ultrices Ltd','04 52 40 26 17','justo.proin@yahoo.com','Belgium','https://instagram.com/group/9\r'),('b-2466','Amet Lorem LLP','05 47 44 68 02','ultricies.adipiscing@icloud.edu','Spain','https://wikipedia.org/one\r'),('b-2470','Nec Luctus LLC','02 14 71 75 73','consectetuer.cursus@protonmail.couk','Norway','https://instagram.com/user/110\r'),('b-2474','Mauris Incorporated','06 84 33 15 97','nisi.mauris.nulla@hotmail.net','Norway','https://cnn.com/site\r'),('b-2478','Etiam Bibendum Fermentum Industries','07 46 69 45 02','sem.magna@icloud.ca','France','https://youtube.com/one\r'),('b-2482','Dui Cras Associates','08 12 73 87 84','tristique@yahoo.com','Italy','https://reddit.com/fr\r'),('b-2486','Tincidunt Orci Limited','01 78 18 81 44','velit.pellentesque@outlook.edu','Norway','https://nytimes.com/settings\r'),('b-2490','Nunc Sit Incorporated','07 28 42 63 63','pede.ultrices@icloud.net','Norway','https://naver.com/en-ca\r'),('b-2494','Malesuada PC','01 74 85 68 70','cras.lorem.lorem@outlook.com','Ireland','https://yahoo.com/fr\r'),('b-2498','Metus Vitae Associates','08 25 44 40 66','ad@protonmail.com','Australia','https://google.com/site\r'),('b-2502','Dolor Vitae Limited','06 53 60 43 60','purus.maecenas@yahoo.edu','France','https://whatsapp.com/user/110\r'),('b-2506','Sapien Nunc Pulvinar LLP','08 37 12 58 11','sit.amet@yahoo.net','New Zealand','https://netflix.com/settings\r'),('b-2510','Maecenas Malesuada Fringilla Inc.','09 38 53 76 61','id.ante@yahoo.ca','Netherlands','https://zoom.us/en-us\r'),('b-2514','Cras Consulting','07 50 10 85 63','sed.consequat@google.ca','Belgium','https://baidu.com/en-us\r'),('b-2518','Aliquet Sem Limited','03 75 57 02 01','sem.magna@yahoo.edu','Netherlands','https://cnn.com/group/9\r'),('b-2522','Viverra Donec Foundation','03 33 12 32 73','dictum.eu@outlook.net','United Kingdom','https://nytimes.com/site\r'),('b-2526','Amet Luctus Vulputate Foundation','03 18 54 24 19','nulla@outlook.com','Canada','https://netflix.com/en-ca\r'),('b-2530','Tincidunt Associates','09 82 63 76 61','neque.sed@hotmail.com','Ireland','https://netflix.com/site\r'),('b-2534','Mattis Foundation','06 74 03 95 74','sed@google.couk','Australia','https://netflix.com/site\r'),('b-2538','At Associates','09 56 61 10 65','tristique.neque@yahoo.couk','New Zealand','https://walmart.com/one\r'),('b-2542','Nunc In Foundation','03 79 81 18 92','ac.fermentum@protonmail.com','Italy','https://netflix.com/sub\r'),('b-2546','Lorem Ipsum Dolor Corp.','09 03 14 76 02','augue.id@icloud.net','Sweden','https://baidu.com/site\r'),('b-2550','Auctor Mauris Corp.','05 62 87 14 41','eget.metus@protonmail.ca','Germany','https://walmart.com/sub\r'),('b-2554','Cras Vehicula Aliquet Industries','03 37 86 87 75','arcu@hotmail.org','Netherlands','https://google.com/sub\r'),('b-2558','Nulla Integer Vulputate Corp.','04 57 50 84 48','interdum@protonmail.org','Sweden','https://yahoo.com/one\r'),('b-2562','Dictum Eu Corp.','03 04 73 67 31','donec.vitae@icloud.ca','Canada','https://netflix.com/en-ca\r'),('b-2566','Aliquam PC','01 45 73 52 16','scelerisque.mollis@icloud.org','Germany','https://yahoo.com/en-ca\r'),('b-2570','Aliquet Diam Limited','02 76 61 47 46','eu.eros.nam@icloud.org','United States','https://facebook.com/en-us\r'),('b-2574','Orci Adipiscing Limited','03 18 00 77 81','dolor.fusce@protonmail.ca','United Kingdom','https://reddit.com/user/110\r'),('b-2578','Dui Quis Institute','06 93 28 72 81','luctus.sit.amet@yahoo.couk','New Zealand','https://yahoo.com/en-us\r'),('b-2582','Nibh Phasellus Corporation','08 48 67 57 48','nisi@google.edu','China','https://netflix.com/sub/cars\r'),('b-2586','Tempor Diam Institute','05 01 94 80 87','cursus.in@yahoo.com','Netherlands','https://naver.com/settings\r'),('b-2590','Euismod Mauris Institute','02 13 69 54 85','vivamus.molestie@icloud.ca','Belgium','https://ebay.com/en-ca\r'),('b-2594','Et Magnis Ltd','03 53 76 11 76','dapibus.ligula@protonmail.net','Belgium','https://instagram.com/sub\r'),('b-2598','Aliquam Iaculis Lacus Corp.','04 43 07 91 26','dictum@aol.org','Belgium','https://pinterest.com/one\r'),('b-2602','Placerat LLP','05 43 67 24 41','tellus.suspendisse@hotmail.org','Netherlands','https://zoom.us/sub\r'),('b-2606','Sed Est Corp.','04 58 02 37 91','tempor.bibendum@google.couk','Canada','https://instagram.com/sub/cars\r'),('b-2610','Egestas Nunc Sed Limited','06 01 02 70 47','vitae@hotmail.edu','Italy','https://walmart.com/one\r'),('b-2614','Rutrum Non Inc.','02 66 31 61 09','neque@protonmail.net','Germany','https://netflix.com/site\r'),('b-2618','Non Institute','06 77 15 31 14','amet.metus@protonmail.couk','United Kingdom','https://guardian.co.uk/settings\r');
/*!40000 ALTER TABLE `companies` ENABLE KEYS */;
UNLOCK TABLES;

--
-- Table structure for table `credit_cards`
--

DROP TABLE IF EXISTS `credit_cards`;
/*!40101 SET @saved_cs_client     = @@character_set_client */;
/*!50503 SET character_set_client = utf8mb4 */;
CREATE TABLE `credit_cards` (
  `id` varchar(20) NOT NULL,
  `user_id` int DEFAULT NULL,
  `iban` varchar(34) DEFAULT NULL,
  `pan` varchar(20) DEFAULT NULL,
  `pin` varchar(4) DEFAULT NULL,
  `cvv` varchar(3) DEFAULT NULL,
  `track1` varchar(50) DEFAULT NULL,
  `track2` varchar(50) DEFAULT NULL,
  `expiring_date` date DEFAULT NULL,
  PRIMARY KEY (`id`)
) ENGINE=InnoDB DEFAULT CHARSET=utf8mb4 COLLATE=utf8mb4_0900_ai_ci;
/*!40101 SET character_set_client = @saved_cs_client */;

--
-- Dumping data for table `credit_cards`
--

LOCK TABLES `credit_cards` WRITE;
/*!40000 ALTER TABLE `credit_cards` DISABLE KEYS */;
INSERT INTO `credit_cards` VALUES ('CcU-2938',275,'TR301950312213576817638661','5424465566813633','3257','984','%B8383712448554646^WovsxejDpwiev^86041142?7','%B7653863056044187=8007163336?3','2022-10-30'),('CcU-2945',274,'DO26854763748537475216568689','5142423821948828','9080','887','%B4621311609958661^UftuyfsSeimxn^0610628241?7','%B4149568437843501=5107140330?1','2023-08-24'),('CcU-2952',273,'BG45IVQL52710525608255','4556 453 55 5287','4598','438','%B2183285104307501^CddyytcUxwfdq^5907955430?9','%B6778580257827162=69068597400?7','2021-06-29'),('CcU-2959',272,'CR7242477244335841535','372461377349375','3583','667','%B7281111956795320^XocddijBckecd^09016253?3','%B4246154489281853=2805223916?8','2023-02-24'),('CcU-2966',271,'BG72LKTQ15627628377363','448566 886747 7265','4900','130','%B4728932322756223^JhlgvsuFbmwgj^72022894943?7','%B2318571115599881=8908215784?5','2024-10-29'),('CcU-2973',270,'PT87806228135092429456346','544 58654 54343 384','8760','887','%B4761405253275637^HjnnipoBlejrl^7108515632?1','%B7816169831446746=13102772?9','2025-01-30'),('CcU-2980',269,'DE39241881883086277136','402400 7145845969','5075','596','%B7320483593870549^OokzqxrHpased^49017394?3','%B2474313962214151=0412219131?5','2022-07-24'),('CcU-2987',268,'GE89681434837748781813','3763 747687 76666','2298','797','%B4750646345146674^PjmlyrfGwwtrf^83051712?6','%B5441935173418615=4103704536?7','2023-10-31'),('CcU-2994',267,'BH62714428368066765294','344283273252593','7545','595','%B1583759784015674^GmqoyhtUtoqrn^25078511?7','%B4141467473024349=65068009550?4','2022-02-28'),('CcU-3001',266,'CY49087426654774581266832110','511722 924833 2244','9562','867','%B6227288756728648^AwxilfcFmgvdy^2808804611?8','%B3429355750963453=5305268305?3','2022-09-16'),('CcU-3008',265,'LU507216693616119230','4485744464433884','1856','740','%B7182449430529226^MkoutyhTfdvpo^1708175473?5','%B6235123731781366=9405638166?8','2025-04-05'),('CcU-3015',264,'PS119398216295715968342456821','3784 662233 17389','3246','822','%B5776250106724742^QvvzkrcCwrovm^53058424897?4','%B3561372148267521=1905473166?7','2022-01-31'),('CcU-3022',263,'GT91695162850556977423121857','5164 1379 4842 3951','5610','342','%B8456622214332875^XmwxhenXwoxbt^0508295738?5','%B7761154174374063=2304233429?4','2025-04-25'),('CcU-3029',262,'AZ62317413982441418123739746','3429 279566 77631','9708','505','%B9882354238385082^HrmhqsnRprjpm^1902708608?3','%B4377026757181186=5802453819?6','2023-09-02'),('CcU-3036',261,'AZ39336002925842865843941994','3768 451556 48766','2232','565','%B4814576454466431^IcstszwEpqgfk^9205914186?8','%B7259434322726515=5305460495?3','2025-10-27'),('CcU-3043',260,'TN6488143310514852179535','455676 6437463635','5969','196','%B6524853618888394^VjjxpyyCbiopy^4406795711?4','%B5469323811685837=24038685?7','2025-06-07'),('CcU-3050',259,'FR5167744369175836831854477','4024007123722','4834','126','%B7784177223537930^NhuwoziEexiwa^9105743857?8','%B2727867073512632=7403690244?5','2023-10-09'),('CcU-3057',258,'LU931822574697545215','3484 621767 21237','6805','848','%B4513246318178918^EbmpsehXroiiy^7102534491?5','%B1725272041127802=5202769798?2','2025-09-14'),('CcU-3064',257,'PS146965545449253377627273133','3467 732741 26810','3865','498','%B7675544533775797^XlxvwhuPwqeek^51032796460?7','%B2536323414661722=08123392228? ','2025-06-03'),('CcU-3071',256,'NO8923814763512','3464 789562 23352','6625','661','%B8981277622416587^EhdwdwlMapqxc^28062004?3','%B8150826795832177=47081653206?1','2023-12-20'),('CcU-3078',255,'IS025127145884623279548733','4539 322 74 2377','9405','720','%B8805395627676929^YnqcruwOohnno^6909501308?3','%B7847385332697301=5104451894?1','2023-03-08'),('CcU-3085',254,'BE63114723972437','5266 3346 1135 1687','7241','413','%B8242982826686377^VnaovghMajfgu^7806966887?1','%B2848502349754061=46089897?9','2023-05-10'),('CcU-3092',253,'RO65LSOD1166122125447487','3488 754223 46253','9417','594','%B2804123689465462^DolminrDnylkw^61072975534?3','%B1237574406214788=4008213842?7','2022-12-19'),('CcU-3099',252,'PT26105275356823705537218','448 55418 98863 789','5612','564','%B5875431253326368^SdyavpeXpeeuj^8403498607?8','%B7204024880651978=6509974687?4','2023-01-22'),('CcU-3106',251,'AT684251637751136592','349547146395283','9733','209','%B1491494879325988^FhfgvwhNxaoik^7001543563?4','%B9821795210722817=03037207?7','2024-01-27'),('CcU-3113',250,'IE26LCGT47732173572752','341834822877471','9011','287','%B9356731333359126^KwphyxlApsdpm^5512580246?1','%B3438596027194536=5306586553?2','2021-06-12'),('CcU-3120',249,'RS72655766666166237144','527646 533375 6577','7658','265','%B3818528147385482^IckpiwyJqrhxw^7006549231?7','%B6498697042095238=65091653?3','2021-01-16'),('CcU-3127',248,'PT83533461438644342816864','4716 443 46 4368','8038','924','%B3061281355691188^XboirwxZppjpw^25063952?5','%B3251465561823891=72101965788?1','2023-01-16'),('CcU-3134',247,'BG23MYJQ52668951824779','5146 3453 9766 2168','7260','935','%B3134742282305614^IlelbtiVdryvp^9010905502? ','%B3656418879463739=76028361?5','2025-08-24'),('CcU-3141',246,'CH4437804777669672438','3775 626726 45261','2923','330','%B8611377716725740^CpqmvnuHoewpf^77113999494?4','%B5039905628783030=7506189198?6','2024-05-11'),('CcU-3148',245,'FI6261403224677114','3733 238351 51810','2326','333','%B3850894620577086^LgcvdbzRtlitx^1111781657?5','%B7764681783461623=27121409691?9','2021-09-28'),('CcU-3155',244,'AD2777204763277722050982','4532263578421','3015','779','%B3064783482720541^DfnufmsBsqnbl^1211335810?2','%B2405777428231362=70034329610?7','2022-01-12'),('CcU-3162',243,'HU56074054826233730628233311','455666 645685 4443','5898','603','%B5498898698181167^CccnoobIzefpf^4803809435?3','%B1576755550592858=82019964?3','2020-05-18'),('CcU-3169',242,'AT658218806585843788','5396 2876 7721 4764','6102','420','%B2095731937263340^JqaoaeoWwjksf^7512910582?1','%B5846971757782788=63068377?7','2024-06-25'),('CcU-3176',241,'LV84DASY1039958872222','448538 587842 4778','4457','707','%B3465683739461216^RsaykcsTilvoy^3810405405?4','%B3564884486261123=98107061?1','2022-03-04'),('CcU-3183',240,'GE90157928843338134463','516318 373677 5641','6198','327','%B4574614077652221^AmbjrxwNmvepq^5009969935?5','%B6484301514841592=50121627?6','2021-10-01'),('CcU-3190',239,'CZ8102824126352535629363','4532 563 85 3433','4359','849','%B2774082824266692^EtjzluwVvaecc^66013048?5','%B8128372435316418=0611115983?2','2022-05-07'),('CcU-3197',238,'GT02497653655330848247645975','402 40071 75272 977','6921','562','%B5826658223264966^TjkaxjbGubeaw^68052983639? ','%B8277321581360179=3502153702? ','2021-05-26'),('CcU-3204',237,'DK6124134241868111','4716486677272','5714','175','%B1529799845863921^KogvladLylxwa^94092176631?7','%B4534345047865612=76024825?2','2022-10-30'),('CcU-3211',236,'HR5688747222861164805','556665 6465764236','8013','321','%B3861369456354747^GpqpygjEihkry^07037757? ','%B8219512439498654=6708277213?6','2022-04-04'),('CcU-3218',235,'GI11ORSG759765522698689','3423 966328 58736','9417','701','%B3457864142704154^RvsutefRhgvqg^5203723360?8','%B8251120257487471=28125082598?2','2021-02-23'),('CcU-3225',234,'FI9398462343991818','453918 9241769620','1809','732','%B8424323650238236^RpygrngUmdwfl^0502319130?8','%B2711523186311753=01068234?8','2022-12-20'),('CcU-3232',233,'GE84848451582810541526','5188 1243 7228 3277','2896','688','%B8505646511661282^GysvzejEqqjxl^58075922?2','%B4361892351770433=24028398?7','2020-10-10'),('CcU-3239',232,'TN9614563570667381893122','375218464485646','9547','702','%B8066214687634615^OehiifhZmcsqs^5204499803?4','%B2338361461828466=46026166825?1','2020-05-29'),('CcU-3246',231,'RO30GGSJ3530721590487098','516153 4426684869','6641','318','%B8433817221137711^UdykspyMufsyy^46085981419?1','%B2383486112828523=12044482?6','2023-08-01'),('CcU-3253',230,'PL80213758374176596516617081','3774 685179 94338','4304','779','%B4687708115026558^DkveukkHoszsf^71024368914?1','%B2556333784219635=21105444?7','2020-04-30'),('CcU-3260',229,'CH8995351081824762557','3787 654694 79443','7542','558','%B9337287983253315^PqbutbgWemund^60019317?2','%B8853683935456356=03127071216?1','2021-04-09'),('CcU-3267',228,'LU382234224147521315','516836 8543385453','8444','501','%B8774686585611611^WbmlitqBvhmto^5608770864?6','%B7582518437494766=90048221745?8','2022-03-06'),('CcU-3274',227,'RO05EDYS9588970569818260','5191242916828483','6963','355','%B3522384022610138^MyqgzopPnrsau^9802135283?4','%B7651868374185594=7806435566?8','2021-06-30'),('CcU-3281',226,'MU4132333444534342541344788855','453 96588 74883 221','9664','388','%B1579779380524750^YrfxkreIbpegx^5803270775?8','%B5132218188809446=44129237702?2','2023-09-21'),('CcU-3288',225,'GB58VMFR53393445767055','347669879358478','5235','957','%B7202757458756504^DhvgecbTvvtso^92047755?3','%B4971035880886883=5708373469?6','2021-06-20'),('CcU-3295',224,'LT095387880608439682','5218 2833 5642 3285','6016','227','%B6341788671276086^ZmjxqygZobrqo^2008143932?5','%B8751185716171531=26053623135?1','2021-03-24'),('CcU-3302',223,'MC4224211849356240064776625','5363 8827 4698 5185','6691','847','%B6548673154494666^BgkkawfKsvexl^5809306720?6','%B2327973732357702=72114995?2','2021-06-10'),('CcU-3309',222,'CR2081908447841410311','371268842998970','7452','540','%B7231652502251767^VvpweycXufrxo^02083787810? ','%B2461429062997963=57119299088?9','2020-04-21'),('CcU-3316',221,'NO4885859734737','5223 3547 5234 2529','9892','480','%B8896417102936757^VnhdflwPuoxua^7410377172?8','%B7483379369384859=60052084385?3','2020-12-01'),('CcU-3323',220,'BG05UBIX63820348156559','4716 5927 4626 2576','8319','860','%B3897618670151179^UreeswmSufikr^7710979677?6','%B6533767855669965=2004196305? ','2024-01-18'),('CcU-3330',219,'MK71456225556982848','3426 166473 78887','1254','631','%B3831787816377204^TynvkbmEhbogz^0505772993?4','%B2738299479832127=59092915?3','2021-10-18'),('CcU-3337',218,'DK0489809027732315','5526 8745 4379 5697','1497','842','%B9867441747275294^VgvubnbHdxpxn^0112366929?9','%B2240218651342312=01078046?4','2024-04-29'),('CcU-3344',217,'EE262462329276252488','558282 528672 3529','5776','864','%B7482617783480901^HjkomixEfrfyq^9704709327?3','%B4824901639680953=7511520396?3','2024-05-15'),('CcU-3351',216,'PS818747844912473654321393528','374884327643662','6695','251','%B5872335421667273^HxznpudLobqih^0205518983?1','%B4278447342422748=26073285?8','2024-07-31'),('CcU-3358',215,'RO76DAFO6583348580208155','527947 395589 2842','8149','818','%B6752339510216910^KnxwfcuPxowjl^9711383788?6','%B4753865135037426=13101461415?2','2023-12-05'),('CcU-3365',214,'SE0386176836596558347004','379272817627343','8133','544','%B9297376116274411^UmvggnlRipqwf^41041175885?6','%B7379790218638467=8602981744?5','2020-05-06'),('CcU-3372',213,'NL51QOLW8088607375','4716272885378349','1687','615','%B5131517728453576^NwpkpbcErsgrr^32087016501?2','%B4188946818145658=3812680141?9','2023-10-29'),('CcU-3379',212,'PL51252032162591574552438904','552 68987 43664 734','4899','738','%B2060750778248426^SycnbtnHohsil^89045746?8','%B6406417148827878=9404284538?3','2020-05-03'),('CcU-3386',211,'HR9310391623647587418','375233562287679','7448','433','%B5310605594141993^MmgbtjdSpymcj^98054237964?4','%B5295095558758785=44078786?3','2025-01-25'),('CcU-3393',210,'VG1468087984174645729577','4338 849 61 6580','7375','763','%B3767361120135239^LnwkewsJxsbje^9106985955? ','%B6692703783112343=3005764544?2','2023-01-23'),('CcU-3400',209,'IL632507629847612453498','377471145232444','9482','780','%B9365436673032853^MjtmjmwBpzylg^98027724?7','%B3568079786742479=67112998?7','2025-10-22'),('CcU-3407',208,'TR233433112075745210754794','524567 7675544688','6453','746','%B3201354922172583^FhtqlibOrruhb^8908276846?5','%B2382782968441017=76065781?6','2021-11-03'),('CcU-3414',207,'ME89166252329582146461','453928 528538 8655','6737','851','%B2678375443746302^VhtwkcxMfonti^0805178323?4','%B9171341445072367=3309528150?2','2023-12-22'),('CcU-3421',206,'LI4066946571873144363','4556742876247','3060','487','%B6628623057261452^OvhqjbbIabssk^7712834411? ','%B7495731166566787=22027893?7','2020-07-27'),('CcU-3428',205,'BA599578388415987525','495148 173557 2886','9659','191','%B3123010395841971^SozfyoqLaldxf^03036463422?6','%B2151466644132584=84077337314?5','2020-09-12'),('CcU-3435',204,'LV78EROL4956681623444','348822148472492','9572','595','%B8114055465458318^NtilrxeRkjrrv^12054495519?4','%B2278848422615381=43089489?2','2021-06-25'),('CcU-3442',203,'BE95776663878029','453 27768 65882 270','7645','286','%B8327224258632241^UnucpvmFksdks^75072208?1','%B9722585332456618=8511793132?5','2022-04-16'),('CcU-3449',202,'MT85NLEX14216091545625854698315','376837365486897','5720','934','%B6496488245616756^OottbidNnehpy^5806976390?1','%B6656384177721252=7511444348?5','2022-06-19'),('CcU-3456',201,'IE54YHLN41108474543511','3748 253331 42587','6168','581','%B6615563584179707^WgjkrevAwbyjn^28044255?3','%B6871516764500852=46103086141?8','2024-01-30'),('CcU-3463',200,'RS35935488614486812686','4485654846578','7658','260','%B5335456358287213^InmqbbjXvcisj^8103586557?7','%B6362905383324727=08089971811?8','2025-01-23'),('CcU-3470',199,'IE89IFED86672789753104','346299466774779','7613','275','%B2418740408024788^VsxhfqpPozgav^4004113222?5','%B2593473887677756=28087816?9','2021-02-21'),('CcU-3477',198,'IE23RKTG51749960265399','4024 007 19 5290','9147','416','%B2867811785182661^QqqkiroGmwkfj^4009877939?6','%B2731317231885858=27037828555?7','2025-03-12'),('CcU-3484',197,'LB36569561338865502415531197','5429842764757330','5536','285','%B1013933368897398^IqekixeYwdcyc^7202722418?2','%B6058063452682448=62011367085?5','2022-04-23'),('CcU-3491',196,'AL97314628168855586364314097','372752331656560','6110','183','%B7343119278215380^MhtwzeoZpccnm^8510202367?7','%B3737758760907151=6102867888?3','2020-07-31'),('CcU-3498',195,'GR7833935468496664868255555','371276755132362','9838','326','%B6724418678698728^LymcfchCcncqr^05107556248?8','%B6789634576656606=8602150829?4','2021-06-06'),('CcU-3505',194,'SI06256455722871242','5347 8838 5513 8245','8682','179','%B8060241587016262^QzsktwtNpnbyu^56035497?5','%B3858688149813553=71127952? ','2024-05-13'),('CcU-3512',193,'PT85885256815643142117247','526 14367 47427 870','9702','951','%B8412918170547219^RbctrjfDmjtwg^33109689074?5','%B9418658134253104=10043651996?4','2021-05-02'),('CcU-3519',192,'MK36979684638543263','511276 848777 3886','7144','284','%B4410350028646272^HgnmzuaQfwnix^02046928?7','%B4768295201841769=66114419796?4','2025-09-23'),('CcU-3526',191,'DO96743453603772941249085766','513337 2217813834','5933','268','%B5717274367224252^MgzmvnnIyivtf^8608492697?6','%B2733560508671263=02128201? ','2025-08-04'),('CcU-3533',190,'KW6888412707934027102973846441','443 99226 84354 893','7730','869','%B5364759121062764^UrugmijSuriaq^7109694442?3','%B4167493255237202=44045678?6','2023-09-14'),('CcU-3540',189,'SI90187218272592688','511 33327 92698 731','8311','443','%B6115717266262828^OpgrlevSiidtq^88096962233?3','%B1651272536934888=2502361836?9','2022-02-04'),('CcU-3547',188,'SM6828237268917825759365683','491667 268693 3630','5033','568','%B4949624508751515^RfkjinoMebfzs^85065396387?5','%B6805663813448106=8412610599?5','2022-07-30'),('CcU-3554',187,'NL79TIEC4836352563','557849 466856 6869','7812','912','%B4214517533551376^KcbprpmUsxinf^87025958? ','%B7424524345767412=17078406032?8','2024-05-13'),('CcU-3561',186,'RS64388401491579277484','375757353392355','8154','222','%B5842671181348268^VwxdyjbMjknxf^6312335165?5','%B1839132511428220=66041111?3','2025-03-01'),('CcU-3568',185,'MC8600628661601486624435735','4916483397665390','2746','228','%B1747486311567228^QnhgulfTtgpmg^0103715208?5','%B5130165312832337=33124796076?6','2021-11-10'),('CcU-3575',184,'IT649NCAHI80852756786533231','5171546679238191','4460','169','%B7752627814708621^PwqyoudCysrtd^9010553334?4','%B2172860994256526=3803204229?7','2025-04-03'),('CcU-3582',183,'IL394364721887868723280','448 57136 53842 361','9315','211','%B3971485758182714^PghazpvWjjbto^90112709575?1','%B6344752904448726=8303931291?8','2022-07-18'),('CcU-3589',182,'AE640696354928782425103','5547 2595 1345 8648','3357','269','%B4849183164926369^CdaepvoHvimjv^0808483858?9','%B6958369372461821=7308352452?5','2025-10-07'),('CcU-3596',181,'GL8941840137249247','546793 9179522284','7783','788','%B8737606548474664^AdxtuovOijnmq^19034551292?5','%B7281388186848655=60102118569?9','2025-11-24'),('CcU-3603',180,'IT166ASABI81164333755123881','376495785724718','3355','862','%B8213382423731002^LokizaxHxtsxm^7601897652?6','%B6496785181978055=5802941418?4','2025-01-16'),('CcU-3610',179,'AD7964354272148656432616','4556296895569','2949','337','%B4189755808555333^GfqgowuVyplmr^3607937218?4','%B5133227053543391=39088439266?3','2023-07-06'),('CcU-3617',178,'PK6727433059762436051444','5541642144568453','8587','621','%B2193628536295295^EcdqbklNescgk^23017452387?3','%B9156593850768545=5510551717?4','2023-09-13'),('CcU-3624',177,'AZ05827355332482137783650782','455626 9762898616','4283','227','%B4578738165421127^KedcsxrIyzyrk^5210562766?4','%B4173433946867178=71071437124?8','2024-07-26'),('CcU-3631',176,'ME39733337786187494515','341445795282738','5945','575','%B6050588765037496^DyfrecfKsqmff^8004534811?5','%B9615288631322540=87073349?2','2024-03-08'),('CcU-3638',175,'FO1945990517618388','455677 668771 8786','1256','575','%B6712264633568681^VywxnfmYcvnpt^1405276359?8','%B1413173387957387=6508376502?8','2025-10-15'),('CcU-3645',174,'PS774972273648295735416650271','345444856288771','3688','415','%B9559712618102636^HzbqvoaHgwgol^73107984263?8','%B3149752822434615=62038713931?5','2020-04-17'),('CcU-3652',173,'MR6884737183646473275241354','453 98346 22735 456','7566','957','%B4896043756103563^BftbrgyQsulrz^3904289901?5','%B3472893144577105=9912843896?5','2025-09-12'),('CcU-3659',172,'SI32664633548106291','518373 357275 7826','1706','437','%B2139468361455035^VwepoqiSnzqud^2905815416?7','%B7516498419279851=26041496?1','2024-01-27'),('CcU-3666',171,'DE35385647561242046858','4556 7844 3557 4824','4798','930','%B3084289588971881^MckkssdAwkroe^4605896361?5','%B3288133931561196=6108898192?9','2020-03-26'),('CcU-3673',170,'AL36723216264979973318818691','534184 7628924765','6865','733','%B9656202584055171^BsmsfgxVikdmy^98104268?1','%B8946933419657633=50113726642?4','2024-11-05'),('CcU-3680',169,'MD4799721070815687888150','5426 4337 3314 6889','8556','690','%B4117962041553164^NjcyaeoLqgkbo^1409933936?6','%B8387758556663694=6109552473?5','2023-01-11'),('CcU-3687',168,'CY85273661157727025863952721','5534 7744 3362 9230','2688','857','%B6281637118852877^DxlisteLgrmjk^89062283?5','%B5443116355223372=57013411855?2','2024-07-19'),('CcU-3694',167,'MK52333444678878011','542 54285 91467 261','3204','490','%B2320002452106841^VxslvyeBtmhkq^9007161657?4','%B8435353358092199=7703933141?4','2021-09-23'),('CcU-3701',166,'CY04215371490518737133975175','5151 8299 6379 6361','7846','835','%B3851622643488683^FtioeebHwepkf^3003345713?1','%B6780236148500848=14095889?1','2024-07-20'),('CcU-3708',165,'PL39534423485707927512822536','5383428743855876','2311','277','%B6717222004873756^XkbhkjvNqjvdg^7906490839?1','%B4047278992744437=6405339190?5','2020-06-15'),('CcU-3715',164,'IS389474813577187701272239','4532 634 73 5833','7294','780','%B8655738813648518^CwdmhvuDndwiu^0912165577?6','%B4892317536668636=6608862226?6','2024-06-14'),('CcU-3722',163,'SI50942306532997569','4716688698622567','3785','295','%B8240864719714747^DjsswrrGrclxw^26097535?8','%B5332824474511706=4711722924?4','2024-08-10'),('CcU-3729',162,'MD5723087436783068347555','402400 7128955884','8571','350','%B3815801168979956^YxcuneyQevnky^09037174106?7','%B8335388713237439=13071353776?4','2025-03-02'),('CcU-3736',161,'LT273037680127756677','521 84328 88538 272','9593','777','%B9567173472771212^GdnoamlPldvfy^84036837?6','%B6340536258078673=0811944484?1','2023-02-06'),('CcU-3743',160,'BA542358041365401657','345537652543545','9314','656','%B5526048787874257^PweoiqtSjfduy^0810634126?9','%B9415736377671711=14118904338?5','2022-06-11'),('CcU-3750',159,'CY80138698304356192781019706','5175965455218886','5633','429','%B8767722776433754^DpiurdiLiksun^1110849271?1','%B4603709725882339=0103319153?4','2022-11-29'),('CcU-3757',158,'HU63856737363800384694160203','491666 857248 5677','8557','789','%B5548438293545354^DtdstxbOjmvab^55095887?3','%B2546136462036384=2206743676?2','2022-08-20'),('CcU-3764',157,'DO83239184883525656124257488','535 23847 59612 247','6546','194','%B7633657814281284^GcmskueBnlmel^39021828? ','%B6313986872548687=5006703616?4','2022-01-18'),('CcU-3771',156,'CH6157615368246495325','493513 2859765811','6253','637','%B2313343826317820^EjqypalMnsdvo^56038977923?3','%B4414512857098263=0502269944?5','2021-10-13'),('CcU-3778',155,'SE7813107767427189556484','343488771836851','9170','487','%B7128525682511621^ZdneyeuYuginh^35045641459?6','%B2258031125695063=28052276835?9','2024-04-17'),('CcU-3785',154,'ME38421331246858744050','5112727325633686','1755','987','%B8479681549428866^AumjvtaSjzpuh^25054676402?9','%B1076421423347997=49047296?6','2025-08-13'),('CcU-3792',153,'PS186411068892851253263377041','343236737828888','4715','132','%B4378188474084736^LucjlqaMqkibj^75024456? ','%B5143887777796148=2107774402?3','2022-09-10'),('CcU-3799',152,'GI33VVRE012659621685934','4712967296877185','3394','153','%B2678356552582874^ZbuuenjReruxl^8309327357?4','%B1697626756337970=86013038?6','2023-04-19'),('CcU-3806',151,'MC0538772116622833532447367','4024007167557377','1657','873','%B7887612785711165^KyrfgjzNciwsr^5102168230? ','%B6048032751732838=1206970897?6','2024-10-11'),('CcU-3813',150,'MU1854487516225689318914472171','3721 543253 57141','3666','459','%B4707942223385736^VznjucjEixjpd^27039352?3','%B6894893274477547=09021428158?8','2020-05-18'),('CcU-3820',149,'AZ58645632361051026278861261','5237 8846 5276 4657','6211','176','%B7644468246343428^FvvticpPasvwc^2211572303?8','%B2338072594269332=5607449316?2','2022-09-05'),('CcU-3827',148,'GB30AMTO46195520479336','491628 4555196727','3455','253','%B5272985556170790^CrxcdjjJpfvmr^32094845?7','%B4898288355167616=43095066737?4','2025-07-28'),('CcU-3834',147,'GR7588113679484663257728388','4929753568393','6319','737','%B5068654544389264^NkkscynFxumen^96097359455?3','%B1891816163951777=94108414281?9','2025-04-19'),('CcU-3841',146,'KW8958881954473634154801236186','4716767637524','8884','391','%B2412361508483629^YwaxufdFgubqo^18065835323?1','%B2525772504887442=81109611546?7','2023-09-03'),('CcU-3848',145,'SI35069513568830361','3724 884241 65462','8885','530','%B8853600681628785^WldradjQibucx^6012510820?2','%B7968147213394861=75092083311?2','2025-08-02'),('CcU-3855',144,'PK3716865643513618989515','402400 7173189785','8304','626','%B2684766320740833^EytquhlLklwgr^5406254664?4','%B9775671628132628=10087412462?7','2024-03-27'),('CcU-3862',143,'SM6022751049715477062682363','4024 007 11 4630','5069','794','%B2445625547822856^OcogchsYhxfsb^2611412670?3','%B6571122973213534=1907134862?3','2023-04-18'),('CcU-3869',142,'DE85364581402287146253','448 56527 58385 670','6328','278','%B8493677573564285^VmuwpwnXyhfgg^0801213720?3','%B8050020023698373=15074506?4','2021-11-21'),('CcU-3876',141,'CR2918135947128138635','547 25687 75283 521','4059','874','%B5448991898865323^XgekriiIvnumw^04021434?4','%B5692267516525260=74024999418?5','2022-04-28'),('CcU-3883',140,'SA4355324713311241428302','5293346436977121','5182','127','%B6827751712556348^DbxpuuqWlpfyl^79089448?4','%B6815328112443728=8101694641?7','2021-10-12'),('CcU-3890',139,'IT983UMRNI21173872518496787','3459 722445 78883','3581','181','%B7652925735402708^DkiwkgtFcjxjf^7511933152?3','%B2718253234514686=3006838762?4','2021-12-28'),('CcU-3897',138,'BG55VBGF72807401414894','553364 973385 8484','5510','320','%B1159256887773381^GxtcfboPmmnnv^71043466?6','%B6743763342447290=66059125?7','2021-11-14'),('CcU-3904',137,'FI7847379817377733','3448 483212 86718','5432','242','%B6312218017823727^LujsmntWlmbgi^3504903777?7','%B5993373308753874=51064707144?8','2020-10-31'),('CcU-3911',136,'GE79113073098939546812','378578567864345','5551','365','%B3310560832827671^YqkcnzoOjcpkh^09036001276?3','%B4458623587123013=67072489?6','2025-10-27'),('CcU-3918',135,'NO4414757761220','5567675343638684','5616','230','%B8075164763517864^XtqntcqWwgdtn^99114534?1','%B7836573341392606=18091736?4','2024-01-16'),('CcU-3925',134,'NL40SLES4851032267','448 56746 54875 257','6038','485','%B2502049982462232^BukkcjnPpbwmi^00059715?8','%B7651786285643734=69093465100?7','2020-03-18'),('CcU-3932',133,'GB70LNPJ38342285277448','546 77862 58793 264','6111','868','%B1111862411881777^RtcgdigPxmcvf^9805422340?1','%B8849325663152186=9005309997?6','2020-12-27'),('CcU-3939',132,'KZ104499180575629164','549 36446 86553 362','1498','726','%B2382322888822610^KstwntfMzktlj^6905403369?5','%B8725834557374858=6603424592?4','2020-08-10'),('CcU-3946',131,'HR1647261369237564166','4532 5355 8673 7332','9541','201','%B4323851741186260^WaylzsyDjlcoe^8602462247? ','%B6385642315733182=0102770390?7','2022-04-29'),('CcU-3953',130,'MC4255568304773564515252430','4556 5568 8483 8623','5511','662','%B8247965803812207^KcjdoscIidmba^12056994926?1','%B7853433393518519=0308640708?5','2023-11-02'),('CcU-3960',129,'LT053237077744561475','4485 6453 7433 6648','9507','802','%B5559114675582584^GwfdsctEpbiss^3409594609?5','%B4262139945851884=52012513151?9','2021-04-02'),('CcU-3967',128,'LV15RGGE2148331556435','4627729464768','8446','662','%B5673113006053847^UwlegsgPjtopz^9505505707?7','%B2666673634590047=24043272313?7','2024-11-07'),('CcU-3974',127,'MU8635574885638983527718572267','512786 265851 7231','7779','355','%B7689111768823554^VvghcmjPwxtfm^80052273132?2','%B8606893327800320=7204606125?9','2021-06-04'),('CcU-3981',126,'BH86814579285516920703','4916227354254973','8688','228','%B4448311601659268^XbitpobXvqyko^2407181850?1','%B7395689191756897=6510610406?5','2020-10-20'),('CcU-3988',125,'MC8666247646629382420868611','529354 796597 4583','5062','646','%B8483713604008747^WbdncxyPmgwlk^5107175126?1','%B6784481367234043=33026953?6','2023-02-21'),('CcU-3995',124,'LI7464428182413219443','543 68966 74594 655','7719','542','%B3278354168561734^XynosbkAoated^49035542618?8','%B8729241646751198=3312379175?5','2024-04-07'),('CcU-4002',123,'CR3934465639573721674','345886217197283','3898','227','%B9637673628172854^HtkbazsSwudny^90016432340?6','%B7232699387346022=39118727?2','2025-12-10'),('CcU-4009',122,'SK9446370242474562577506','547689 878486 9655','4268','820','%B1163507051857888^AtlkbudUzhydw^4004656990?5','%B8845110293750447=8810832181?6','2021-09-30'),('CcU-4016',121,'MC9813918248828136126478487','5587 6912 1246 7242','5703','258','%B4731888416848536^DxmtjtsSjkxsq^5406500622?6','%B4628786898167185=94088204101?1','2025-07-06'),('CcU-4023',120,'CY51592581594123621273159544','455644 7854383438','5475','149','%B9232428889144365^JtblsecEfjvtn^17051666?6','%B2403861357028164=81015253842?6','2024-08-19'),('CcU-4030',119,'HU51520639954884197894644059','526462 632862 7750','2679','665','%B4536836573670010^RrmiibkNguclx^4412347940?2','%B2937163373212685=0209575469?5','2025-08-22'),('CcU-4037',118,'BH81656454545158343182','4539772524226','9334','902','%B3220956364419700^QtwlsghDqlotj^8905246183?4','%B8442191012396745=73098244?7','2025-02-08'),('CcU-4044',117,'AL65255766650838829611407660','556686 371762 7423','4161','279','%B2798061854541137^IkeyqfpFeglch^5702954919?4','%B5875186348486686=9806405883?3','2024-08-16'),('CcU-4051',116,'BA894455712898153048','4539 643 69 6583','5626','578','%B2740721858521348^TtweumlElwsgb^9808904564?7','%B3124944814775761=34035321677?9','2025-07-17'),('CcU-4058',115,'KZ376412202733109847','533842 4553898680','8620','218','%B6537538165446365^WmstlvhXpcbrq^6904289685?7','%B3132485804383192=2509250492?3','2023-09-16'),('CcU-4065',114,'TR526417795869815094868511','453 28425 45663 249','7800','738','%B3546276261682571^EhatnqvQlnhvz^58055402112?8','%B9142948828992156=7509692570?4','2020-08-08'),('CcU-4072',113,'AZ86457622571455018178415526','526 82288 83662 623','4558','376','%B9818891126178798^UtqcpcsHdklox^5506600472?4','%B2882827703403325=5103298452?5','2020-12-03'),('CcU-4079',112,'AZ03248993733987407386489271','543 59449 45541 757','1833','741','%B2650507836471136^QoknaduLbiyxl^89017753?8','%B9546245466947246=65044537770?3','2023-05-11'),('CcU-4086',111,'LI6539309407187397889','453227 751157 4585','9440','291','%B7545355254165374^JdzdebqPrtoyt^9508792387?7','%B4139806809435815=1306973232?7','2021-07-25'),('CcU-4093',110,'GI98IMNL122444875373267','3427 813242 45583','4688','893','%B3238857223373653^HuflqyjFkwesc^0610725552?6','%B8767277534971742=76031389800?6','2026-02-13'),('CcU-4100',109,'VG8474593807739539750089','3728 223277 76753','3676','571','%B5527511153146692^NyhrhehNpxcte^75106639404?5','%B8332523745408812=2708116430?3','2023-08-19'),('CcU-4107',108,'MR9288383624277251666064411','3484 346723 58533','5757','946','%B3022545666562312^TkrrpivSpmxva^81084236?9','%B2342642389462101=7311119702?7','2022-07-27'),('CcU-4114',107,'MD3307836371789489654645','512331 2837574483','3928','548','%B3953443856442633^QnkkxuhJcksxv^01077622?2','%B1163457990342931=83083765?4','2022-03-23'),('CcU-4121',106,'LB22136126105935807432371414','348328885683457','1657','311','%B5766837413501194^FulskbjMknbjk^87101905?4','%B1782766327812935=6107375348?3','2020-12-22'),('CcU-4128',105,'CY94263537405015481188625576','531 84477 67369 689','9543','493','%B1137461485350515^XwzkjucStcnhh^7906382933? ','%B3168257771814865=7308836410?4','2020-06-23'),('CcU-4135',104,'MK28368851538688349','342656568883952','7949','702','%B4253574111215564^BicekgfAosulo^3011433157?4','%B1385722467458118=11091701?6','2024-10-18'),('CcU-4142',103,'KW7436055642163756700128861858','373527374237224','9253','997','%B7708767525077352^KqmoyyqYnwjwe^56127421?8','%B5937062110228451=71014336?7','2021-08-03'),('CcU-4149',102,'AZ62859332370341166187843859','4539936624499831','5459','477','%B3283292261363021^XrivrqxKmuerd^90039597?6','%B6285782227347801=6512516975? ','2020-05-25'),('CcU-4156',101,'ES3457328958327932668290','471688 264545 8288','6064','990','%B2251761666435859^SuhjmwxOxmxog^08045074620?5','%B9147287223341758=4108692863?4','2025-03-10'),('CcU-4163',100,'SE7951484302898821300669','4556 776 96 5734','7098','953','%B8157441949696177^WgtetroNyctim^3511351446?6','%B6742379644653824=1808987969?7','2021-01-11'),('CcU-4170',99,'FO8241513854141125','3487 517469 44737','3568','805','%B4977764256135850^XscfwvnIxgxyf^7510650330?6','%B3727668581213605=58059132?6','2023-12-07'),('CcU-4177',98,'CH9552373968796160224','373956257411822','9267','304','%B2345165269524308^QetxifxQvgyrv^53067963?7','%B7880848469681777=06043431?1','2023-09-12'),('CcU-4184',97,'DK5765675670768547','3757 268529 84889','3305','348','%B4838246660131885^WgnnwobYrjpie^7909261331?8','%B6574125442743756=01081485997?5','2021-10-08'),('CcU-4191',96,'DO68192976973138848171352176','4633651727248','9911','640','%B6987988216811704^BpyjgbpDtoecr^08064827?2','%B4656138393178448=48024474?3','2023-02-21'),('CcU-4198',95,'MK54903280718335118','471 69767 74983 544','7564','787','%B2158691923532611^FrpfdqrUjdxgu^7003308578?3','%B8618056896371474=22095802433? ','2023-09-21'),('CcU-4205',94,'LB64655537777363327873049938','537441 4887327535','1907','466','%B4532217414447203^HjoieflVconyy^6904519837?1','%B1773600326367533=74059974144?6','2023-06-19'),('CcU-4212',93,'GB72JSWX57159548109499','517964 861324 5258','9992','951','%B8671117375982580^OcuiysqSshhob^96032758?6','%B9343195233862163=9608809183?8','2022-08-14'),('CcU-4219',92,'MD1234119525145401270486','4916521244969','6190','374','%B8552907120277656^XronyxkDqojpp^1501220300?3','%B2992337113376927=16088917021?5','2025-09-15'),('CcU-4226',91,'CR7348306166727297113','492924 3966325775','3580','659','%B3931076457916566^SxgmystUyukyc^4208351929?7','%B6308236456246332=6008746904?6','2020-04-13'),('CcU-4233',90,'GI10TNGB218311472843723','349284173298327','7910','380','%B8133538912701851^JofkbflSuermf^32055207?9','%B2211149249773016=65108706?8','2023-12-03'),('CcU-4240',89,'HU14165000028522870444423128','343482733331820','4428','165','%B4887316434666823^TfffpnsGxwlbd^62029898271?7','%B7403334583355778=82024338842?9','2022-06-08'),('CcU-4247',88,'PS043351233971437175221697418','5122584253556449','2803','451','%B3621727717238756^VlpxfduQvcvgc^7203933807?2','%B5151369827776581=5304713662?1','2020-09-02'),('CcU-4254',87,'LI8940154197432678354','542585 4594298827','3535','150','%B5868706813128165^TejujqgLcqsst^9909559160?6','%B5566455351834699=1609296633?7','2025-10-04'),('CcU-4261',86,'PL22231088720828377785042582','4716 5331 5225 2735','2203','258','%B5740935273627661^HlnkxpcXqcqzm^9403681207?8','%B5763354701833115=41012952?7','2025-11-17'),('CcU-4268',85,'RO20IQTP8772753836738261','5182647149891853','3855','130','%B5827507612178537^GjtujmsPfclbe^87031641?2','%B5267554940262574=69013213745?4','2023-11-13'),('CcU-4275',84,'AE491827142302887266369','448 59926 15713 833','6420','468','%B7484582116791157^QtpvtnnMhrybn^7402500495?6','%B4522554235494353=2003462295?2','2021-02-10'),('CcU-4282',83,'MK25347478559416776','3779 817833 37651','7841','330','%B5084324546067885^FoysyjsDydufq^65084128?1','%B5534688248423461=3104601186?2','2020-08-10'),('CcU-4289',82,'PS346287549618920817748976574','557488 568223 6518','1424','319','%B7647053137378507^MsdqppkXklhhq^9209434381?9','%B9813481644728016=11077541?2','2021-11-22'),('CcU-4296',81,'BE54849601852351','3774 962276 33714','4122','443','%B4639056035337698^MeqlgmzCdrdpz^60079416?6','%B4362372588193715=3311493576?2','2021-03-05'),('CcU-4303',80,'FI1146379728733696','3427 495828 22724','5972','604','%B9481821615481275^NkgcvsnQvhmph^79113125?3','%B3626729469366351=36066995?3','2024-12-14'),('CcU-4310',79,'ME27022245810759125320','3425 589947 37358','3109','291','%B6759448331367563^QsohtdvNwgich^9407783876?4','%B6314028082541088=4802393901?5','2021-11-16'),('CcU-4317',78,'HU29174683935743230828356447','491637 9834296569','3842','642','%B4690183144317851^UdeylmvCdzsgr^9003210953?1','%B6742961824137192=6510892589? ','2021-08-20'),('CcU-4324',77,'CR2934427002645556549','548381 497234 7694','7811','822','%B2940847985366779^MwtmtglZhxfey^7406499364?6','%B2184914896545804=1509738572?2','2024-03-20'),('CcU-4331',76,'KW9485332754781757886242955643','3785 952493 68487','7606','377','%B3937644942464445^YsbpszlGfefis^04054117616?6','%B4761852332580963=34021897?5','2022-02-07'),('CcU-4338',75,'NL68INMN2724282872','479 13433 42278 329','4232','865','%B2972234242695317^OcdkpbnEadtqf^9109470265?6','%B9738366765360077=16121797?8','2020-05-06'),('CcU-4345',74,'AT461138859877579187','3762 911284 78975','5552','514','%B8525148983214623^KalgesaJwqsth^7507215361?8','%B6743114647215258=75049296? ','2024-08-08'),('CcU-4352',73,'BH23117460873638461245','521 57929 38862 722','7982','282','%B8438539536516848^GehfltcHijkmq^25111136?8','%B2619932929762910=73091712112?6','2025-08-19'),('CcU-4359',72,'PK1842602717357586645371','5558 8675 3467 2892','6718','224','%B7663852732163643^GxqonvtYpgohh^90127936456?5','%B4545182137752206=73125628?5','2026-01-26'),('CcU-4366',71,'DO18505288663185557586783345','346585482855422','6375','349','%B8676743439786631^SevbeulLxhqqk^3401237666?1','%B9864694085664765=4906992278?3','2020-09-14'),('CcU-4373',70,'IL605688171286254823573','491673 846381 7575','7674','321','%B2124646343640132^DbwenmhFubrae^74042937614?3','%B7738977678822066=95087154?8','2023-12-20'),('CcU-4380',69,'GE63542411265576162132','554456 4937879326','3190','325','%B2364361814568771^VfoponcQkidmd^98046497?4','%B4177489335423933=9808579720?3','2021-03-11'),('CcU-4387',68,'IT822CNDZI11212029746050255','5224 7471 9335 6850','6810','735','%B8774142060813284^DkmqwyyPusggp^8609977452?8','%B3057283311281724=6012774688?4','2023-09-25'),('CcU-4394',67,'RO96LPSV6662689287844654','448 53887 88766 825','5960','931','%B6256214242640333^SptmuldSghutm^2706774664?5','%B4656861666365521=20129926926?4','2020-06-04'),('CcU-4401',66,'TR815222651844952288928043','5488857588723472','7165','913','%B1534557758767505^LewzfpiPvzhmu^72036277?4','%B2818330497204547=5909574795?1','2025-12-12'),('CcU-4408',65,'BG46XYWB75160439249575','377867313281636','5401','227','%B3827767733242811^UqpqlvsKjhsmu^0809232433?1','%B8268423112987242=85025816?7','2025-03-01'),('CcU-4415',64,'GR9013439946807535854241144','3748 648746 49239','2145','221','%B2840656282563957^XqmmsxoFqacqb^95077544610?6','%B9368884322546575=27037134739?7','2025-10-26'),('CcU-4422',63,'DO35657223646222965184075271','3741 529436 82138','2135','781','%B2353789338181375^GdokyxsHghogp^32037647226?6','%B5696299245733541=85052815290? ','2022-11-08'),('CcU-4429',62,'DK4377684158381786','342834817654827','9690','765','%B4493400554728587^DoopymcUbnvun^8510467359?2','%B6217244547719443=17089667?8','2020-08-14'),('CcU-4436',61,'SI44273472107613844','3476 295845 56451','8975','606','%B4258622442263584^FcvcgrePhxhrd^7111625844?4','%B7368558289639723=2806772317?8','2020-05-23'),('CcU-4443',60,'BH44392039643136345028','491 65266 67312 570','2283','141','%B2759365205699185^PrestnmOyhkwu^4908858595?2','%B8464736876528474=39087154437?3','2025-01-14'),('CcU-4450',59,'CR3961432301707841145','491 63321 35675 379','3978','672','%B3187103836894373^BpwmoliGbykoh^1609408914?3','%B6757546553788090=37053424170?9','2022-11-09'),('CcU-4457',58,'GE36372634666440824664','3758 893912 84425','1715','931','%B2346156768530141^TdowykbDqlyav^2905453581?3','%B4014044764544113=82036091915?2','2023-05-05'),('CcU-4464',57,'IT822TKQEI12456688803483461','446157 5546574669','6717','250','%B5840367572873582^AbxzrckIdjdyp^9511446648?6','%B2461466471765558=02099784649?4','2023-08-25'),('CcU-4471',56,'TN7992220464142447614053','3477 376225 51465','4959','234','%B3269409974626884^GskavulMihhqw^08028292?4','%B2470558752786016=47017055?2','2021-04-26'),('CcU-4478',55,'SI52116155174087513','5451685219226844','3161','939','%B9453762951691116^AnacgmqVhjhku^48101312?4','%B2671336378147588=24125621?3','2025-01-10'),('CcU-4485',54,'GB30OKEB42532252608494','3443 989324 57829','6206','963','%B6777498848349615^VjkqhtjJvbqxv^1102519248?4','%B2553542805713742=37043914076?3','2022-09-28'),('CcU-4492',53,'AE779264810935412319977','5494485246476242','1606','508','%B9235255577195119^NcgoftcUnxgrx^74019701?2','%B8868932357968634=3606794273?5','2023-10-28'),('CcU-4499',52,'ES0381262481577966178550','527 75588 27196 562','4302','639','%B5135698538571552^EqrblpjWutlan^70128425?8','%B5771522688864233=20119879619?5','2021-10-25'),('CcU-4506',51,'SE8424235059254817742452','377866463541856','7038','118','%B9773211812701913^RnupfevRwctsg^33079035?4','%B4858131516288535=49066924?6','2023-06-26'),('CcU-4513',50,'TN3753195693666878144912','532787 5824467386','1146','847','%B4488523265222877^HoprqffYcmtde^61083055049?7','%B4055943798055627=7011892768?3','2022-03-26'),('CcU-4520',49,'AD5031514560453613215340','4716 7284 4346 4665','9548','556','%B3188501052950243^PkppmpwLbwndf^56083675282?9','%B7973387641834341=5910372985?8','2023-03-08'),('CcU-4527',48,'AZ50263195887432245221350166','5233822643465574','2635','573','%B8287385340571781^BevlnnuSllewr^26108585?4','%B5129587636786435=0806224275?3','2021-09-07'),('CcU-4534',47,'GR8589386183211253555707312','374615172136380','3746','956','%B2335679348811832^FexjdeiYumufm^34074878?2','%B2326662194567625=32037108359?8','2024-11-17'),('CcU-4541',46,'PL76249283566852676343404576','453 97739 96445 724','8963','269','%B9146874356366655^MlovddsHqpytd^12054798246?2','%B3043454348345954=63078644508?2','2020-06-15'),('CcU-4548',45,'SM8085983832124924136831104','372445517264156','2813','879','%B7828627118554697^RivvfvdSftrlq^5805150611?2','%B3062172681317506=1112649234?1','2022-11-28'),('CcU-4555',44,'KZ297844259556510615','512549 6577286826','4144','250','%B7588348085311767^JwqeyoyBntnze^84043759475?3','%B4742330214937640=20011621499?7','2022-12-13'),('CcU-4562',43,'SM7685486170878577324646271','343266869577557','5732','570','%B4164487399836253^EdeuqcoXosvjg^2003601480?3','%B2549416652378182=3809337350?2','2020-06-27'),('CcU-4569',42,'DK3216331269627227','3744 663534 34891','4318','836','%B7184507915161853^CxwljtmDogbcn^10119919568?4','%B7147525387820862=3105358888?4','2021-03-30'),('CcU-4576',41,'MT05JWCF58868200575771634583813','4532 573 68 7334','9888','140','%B5747615797051046^TdctfyhKmotij^1706905653?1','%B2663427980148723=60046728?9','2024-04-26'),('CcU-4583',40,'BA773327919989165734','527 46161 75318 130','3024','563','%B8476010131867577^JnhmghfKuchcl^7305377309?4','%B4566497243417477=4104169944?8','2022-08-17'),('CcU-4590',39,'AT050596581744321211','3443 187254 34777','1669','147','%B4276625869227617^FxdonqdHiwqku^66124059620?8','%B3139727492060028=93102623628?7','2020-08-19'),('CcU-4597',38,'AE225185405438011769777','3754 737136 28831','5882','284','%B8325162927157354^PnscvjtCmbvdp^02122107? ','%B4535569051780346=9005726945?1','2022-09-12'),('CcU-4604',37,'CR5411943287103219088','544734 7842782720','7169','619','%B9758799286251202^AdvmsmgTdiicj^28034197?3','%B5097887830188358=21059757?4','2020-11-01'),('CcU-4611',36,'AZ02307463194073728570325332','374238243234835','4050','882','%B2201893104284396^AdhikxbEbwejv^18078779977?6','%B5636588295618834=0104912196?9','2022-10-21'),('CcU-4618',35,'CY40326276160678118750340113','5267481137212858','1606','377','%B8828657314323465^XjmdjtpWflhvx^85045208?9','%B8554316164555419=3512276397?1','2020-03-24'),('CcU-4625',34,'ES2561868643384424254806','5298 3644 7749 2491','5500','351','%B6658376545441924^PwfhtiiDjgytd^18044779097?1','%B3046665858069468=0010492741?7','2024-02-06'),('CcU-4632',33,'AT713147536938954289','448 55874 86627 789','7878','763','%B7104016767085744^FuyvvrmVecmfh^1303738906? ','%B6884647647728275=3804623634?1','2020-09-06'),('CcU-4639',32,'LI8155319586365581720','373693321855284','6606','367','%B9056573361288784^JbrtsfsOdkeic^62065242706?1','%B4361611864093882=6809807423?5','2024-12-03'),('CcU-4646',31,'CR7237735131501258248','4485 8278 9259 2981','1686','987','%B4539812337700467^TmkqcvfZodgwy^9006637665? ','%B5287310982186573=98037217?6','2025-01-21'),('CcU-4653',30,'DE45027134377528457318','4716 862 33 7962','3850','916','%B4361244634514336^RoxuploYrlptk^77112033?9','%B5518426241563514=0409429237?2','2025-09-24'),('CcU-4660',29,'LV89RQUC7474307666821','492948 3588749370','3290','114','%B9145084864476761^GpudkkcDdxfdg^22048431152?7','%B6808334883876450=69088007022?6','2020-07-04'),('CcU-4667',28,'PT79551618452454886142166','3745 466677 72837','2301','738','%B2182338028548468^ZkodeyjDjuvlq^88071675570?8','%B5411887395854896=24097709?8','2024-08-11'),('CcU-4674',27,'DO71864273752575855510355726','3437 391826 27572','4022','581','%B7445387416285435^DhpdsepMtxmfd^7011862696?3','%B5853473685126705=69076775809?6','2024-05-23'),('CcU-4681',26,'GE38261236401561281317','448 57826 38974 722','6486','707','%B4464239986715867^WqudxmhTmmpyr^3409958728?6','%B8411745518864116=7908797861?8','2022-04-13'),('CcU-4688',25,'IS383255756743611896271082','347635882232257','3159','350','%B4387334195135200^XtjxkevUuebfj^4310620898?3','%B2377266149440523=2308872278?8','2026-01-07'),('CcU-4695',24,'GT44327784356731801238887639','376558773427717','8297','734','%B5161732511638438^LsdpymuVboenf^0809785276?8','%B2636487003858134=2203577436?7','2023-10-08'),('CcU-4702',23,'DK7772824378841077','348642676875332','3880','445','%B5294537108705095^QacobchVehfcr^68035066?8','%B8314328586292262=7308427709? ','2022-09-19'),('CcU-4709',22,'GE45504127369280160124','453233 846716 4597','4796','233','%B6307504368234301^UbdrkphEdzdsw^5911555985?5','%B5746230625815227=59038128?1','2025-11-04'),('CcU-4716',21,'PL75422719203842155307261926','546684 833417 5543','4252','997','%B1134886718536553^RxtoffmBfsheo^01091865?3','%B8184214222898953=54066769354?1','2025-08-14'),('CcU-4723',20,'FI8248793454336573','3414 376437 29598','7936','243','%B3808628590171653^XljvtazIstgbb^36069746?1','%B7585847930700765=40064945?7','2020-07-31'),('CcU-4730',19,'EE541536644818872885','373396765877539','5988','988','%B7256344964264366^FwonynuXxhqne^79113467?2','%B7766755436329855=8412543147?4','2025-03-08'),('CcU-4737',18,'AT278617748359359721','3426 555216 37521','9048','509','%B6474275681960977^LtefunxBngqkj^0511605128?2','%B3417262078136365=80061172913?6','2022-02-25'),('CcU-4744',17,'AZ58751886174806034766368322','5256255735951122','6209','606','%B6062718174617606^UfbirjnIdajvd^11045975?4','%B5225313184436348=6311787663?7','2021-10-12'),('CcU-4751',16,'PK8373046933330403264694','3436 372241 88142','6392','760','%B2781782494382801^SitqnkuGipxgs^19062241746?2','%B4699147227475326=35064445? ','2023-06-19'),('CcU-4758',15,'GB51GUVH61469185263634','378486693428441','5241','571','%B2558446687136763^TdprmluFllanp^5511477222?5','%B2852157356984972=3605497233?8','2023-07-27'),('CcU-4765',14,'SA2888713798782221436615','448 51353 39347 393','1667','153','%B2794354072675355^IsvaafeBjukgf^3905761784?7','%B5817571788647481=5503923892?5','2021-02-28'),('CcU-4772',13,'ME59832015454148127328','455 63485 32288 611','1201','552','%B8429847712626185^XgyktdaBqghji^50042094873?1','%B7561542986052342=16022024?9','2020-09-21'),('CcU-4779',12,'FI9109231810971761','513 92416 26288 645','8788','131','%B4791103447264101^ItpdwnsPwkhvv^2512313525?4','%B5213223695789136=50017703?7','2023-08-18'),('CcU-4786',11,'SI51703104173167515','557 97688 75435 755','9002','199','%B6302122225387488^GilibwoHnilso^9811821243?5','%B4973370588330241=7905565576?7','2020-05-15'),('CcU-4793',10,'HU95215627749276573565556322','471662 767641 7624','7216','848','%B7755121567434815^PfzygoiMkrjql^8602212204?1','%B7412375289135315=3904360375?5','2023-11-09'),('CcU-4800',9,'SI97824334522161436','5455 7952 5528 3322','3745','886','%B6267823435548784^HrfdddcLhnrap^51114661494?7','%B1811225531223836=1204762463?8','2020-05-23'),('CcU-4807',8,'LB19298318715580851625676971','4539 4326 8269 4216','8596','626','%B8875994714521289^BdmgotvEiicnz^3602201929?8','%B2436382423563134=4107745914?5','2022-04-07'),('CcU-4814',7,'MR4845282437847152280636374','374471619343357','8790','124','%B7721393967157957^AdlwfddGdtmcq^41022188?6','%B6168514385624483=94081315?2','2020-12-19'),('CcU-4821',6,'LT253147505686466784','453987 7873842836','9000','867','%B4662497837622681^PswpvvvQntnth^67027185?3','%B4538665274571178=1909171131?1','2020-07-15'),('CcU-4828',5,'BG11ILMJ30149367569464','4485252735942','2789','942','%B7763464626517588^KmqoxvwFiovcv^5003339322?4','%B4651147303850314=2105859161?2','2022-09-04'),('CcU-4835',4,'PT34592171131763200132583','3723 677744 22550','1149','680','%B6221188915952608^EnfmdemGugvnr^58053479562?5','%B8187762874317668=9107919781?6','2024-01-08'),('CcU-4842',3,'SA2156708581957118818229','3774 636724 83250','4655','750','%B2216216733758821^CsszvisPjqcfh^95081856902?1','%B2517312164209886=54047891?9','2024-11-11'),('CcU-4849',2,'SE2813123487163628531121','5223363813491514','9992','779','%B8844154447682199^JunfxuiCzhsrj^3805344275?5','%B2623983651705584=0207551226?9','2025-03-21'),('CcU-4856',1,'TR373872558313545667124286','349528235713651','9086','974','%B4251431580521172^BjkklirXqdide^2001250289?6','%B8171116145537298=7502852926?7','2023-05-19');
/*!40000 ALTER TABLE `credit_cards` ENABLE KEYS */;
UNLOCK TABLES;

--
-- Table structure for table `products`
--

DROP TABLE IF EXISTS `products`;
/*!40101 SET @saved_cs_client     = @@character_set_client */;
/*!50503 SET character_set_client = utf8mb4 */;
CREATE TABLE `products` (
  `id` int NOT NULL,
  `product_name` varchar(100) DEFAULT NULL,
  `price` varchar(10) DEFAULT NULL,
  `colour` varchar(10) DEFAULT NULL,
  `weight` decimal(2,1) DEFAULT NULL,
  `warehouse_id` varchar(10) DEFAULT NULL,
  PRIMARY KEY (`id`)
) ENGINE=InnoDB DEFAULT CHARSET=utf8mb4 COLLATE=utf8mb4_0900_ai_ci;
/*!40101 SET character_set_client = @saved_cs_client */;

--
-- Dumping data for table `products`
--

LOCK TABLES `products` WRITE;
/*!40000 ALTER TABLE `products` DISABLE KEYS */;
INSERT INTO `products` VALUES (1,'Direwolf Stannis','$161.11','#7c7c7c',1.0,'WH-4'),(2,'Tarly Stark','$9.24','#919191',2.0,'WH-3'),(3,'duel tourney Lannister','$171.13','#d8d8d8',1.5,'WH-2'),(4,'warden south duel','$71.89','#111111',3.0,'WH-1'),(5,'skywalker ewok','$171.22','#dbdbdb',3.2,'WH-0'),(6,'dooku solo','$136.60','#c4c4c4',0.8,'WH--1'),(7,'north of Casterly','$63.33','#b7b7b7',0.6,'WH--2'),(8,'Winterfell','$32.37','#383838',1.4,'WH--3'),(9,'Winterfell','$76.40','#b5b5b5',1.2,'WH--4'),(10,'Karstark Dorne','$119.52','#f4f4f4',2.4,'WH--5'),(11,'Karstark Dorne','$49.70','#141414',2.7,'WH--6'),(12,'duel Direwolf','$181.60','#a8a8a8',2.1,'WH--7'),(13,'palpatine chewbacca','$139.59','#2b2b2b',1.0,'WH--8'),(14,'Direwolf','$147.53','#c4c4c4',2.0,'WH--9'),(15,'Stannis warden','$194.29','#dbdbdb',1.5,'WH--10'),(16,'the duel warden','$180.91','#666666',3.0,'WH--11'),(17,'skywalker ewok sith','$91.89','#7c7c7c',3.2,'WH--12'),(18,'Karstark warden','$148.91','#c4c4c4',0.8,'WH--13'),(19,'dooku solo','$60.33','#3f3f3f',0.6,'WH--14'),(20,'warden Karstark','$91.96','#b5b5b5',1.4,'WH--15'),(21,'duel Direwolf','$96.90','#e2e2e2',1.2,'WH--16'),(22,'chewbacca mustafar','$150.02','#fcfcfc',2.4,'WH--17'),(23,'riverlands north','$169.96','#545454',2.7,'WH--18'),(24,'south duel tourney','$48.99','#aaaaaa',2.1,'WH--19'),(25,'skywalker ewok','$157.53','#2b2b2b',1.0,'WH--20'),(26,'Stark Karstark','$53.01','#898989',2.0,'WH--21'),(27,'Stannis riverlands','$172.93','#7a7a7a',1.5,'WH--22'),(28,'chewbacca mustafar','$127.44','#efefef',3.0,'WH--23'),(29,'Tully maester Tarly','$167.20','#111111',3.2,'WH--24'),(30,'Karstark warden','$79.53','#606060',0.8,'WH--25'),(31,'Lannister','$85.02','#3f3f3f',0.6,'WH--26'),(32,'north','$178.28','#0f0f0f',1.4,'WH--27'),(33,'duel warden','$127.09','#191919',1.2,'WH--28'),(34,'of north','$128.48','#919191',2.4,'WH--29'),(35,'the giantsblood maester','$107.17','#8c8c8c',2.7,'WH--30'),(36,'Lannister','$96.22','#a5a5a5',2.1,'WH--31'),(37,'Direwolf Littlefinger','$26.66','#aaaaaa',1.0,'WH--32'),(38,'ewok sith','$55.43','#666666',2.0,'WH--33'),(39,'warden','$196.65','#a0a0a0',1.5,'WH--34'),(40,'tatooine dooku solo','$73.31','#070707',3.0,'WH--35'),(41,'Lannister Barratheon Direwolf','$141.01','#fcfcfc',3.2,'WH--36'),(42,'sith','$83.51','#494949',0.8,'WH--37'),(43,'duel','$59.80','#5b5b5b',0.6,'WH--38'),(44,'Karstark Dorne','$105.48','#878787',1.4,'WH--39'),(45,'south','$92.65','#bfbfbf',1.2,'WH--40'),(46,'giantsblood maester Karstark','$58.78','#2b2b2b',2.4,'WH--41'),(47,'Tully','$82.15','#919191',2.7,'WH--42'),(48,'rock Renly in','$21.53','#9e9e9e',2.1,'WH--43'),(49,'the giantsblood maester','$53.31','#e2e2e2',1.0,'WH--44'),(50,'in','$124.04','#7a7a7a',2.0,'WH--45'),(51,'north Tully','$30.14','#262626',1.5,'WH--46'),(52,'riverlands the duel','$31.52','#727272',3.0,'WH--47'),(53,'kingsblood Littlefinger the','$137.81','#3a3a3a',3.2,'WH--48'),(54,'dooku solo','$13.14','#e5e5e5',0.8,'WH--49'),(55,'Tully maester','$3.83','#6d6d6d',0.6,'WH--50'),(56,'Direwolf riverlands','$167.07','#5b5b5b',1.4,'WH--51'),(57,'Direwolf Stannis riverlands','$170.76','#848484',1.2,'WH--52'),(58,'solo palpatine chewbacca','$130.59','#2b2b2b',2.4,'WH--53'),(59,'Direwolf Stannis','$114.77','#bcbcbc',2.7,'WH--54'),(60,'rock Renly','$68.38','#898989',2.1,'WH--55'),(61,'Winterfell Lannister','$28.01','#848484',1.0,'WH--56'),(62,'the duel','$188.94','#666666',2.0,'WH--57'),(63,'Jade tatooine dooku','$188.58','#dbdbdb',1.5,'WH--58'),(64,'Direwolf','$195.62','#b7b7b7',3.0,'WH--59'),(65,'riverlands the','$121.91','#6b6b6b',3.2,'WH--60'),(66,'mustafar jinn','$2.12','#545454',0.8,'WH--61'),(67,'Winterfell','$195.94','#1c1c1c',0.6,'WH--62'),(68,'Stark Karstark','$167.37','#333333',1.4,'WH--63'),(69,'Littlefinger the giantsblood','$57.25','#b7b7b7',1.2,'WH--64'),(70,'Direwolf Stannis','$6.93','#c9c9c9',2.4,'WH--65'),(71,'Tully Dorne','$103.73','#424242',2.7,'WH--66'),(72,'north','$161.60','#474747',2.1,'WH--67'),(73,'Dorne bastard','$114.09','#848484',1.0,'WH--68'),(74,'duel warden','$158.29','#707070',2.0,'WH--69'),(75,'giantsblood maester Karstark','$9.46','#f9f9f9',1.5,'WH--70'),(76,'Littlefinger Tarly','$65.07','#686868',3.0,'WH--71'),(77,'Tarly Littlefinger','$150.50','#f4f4f4',3.2,'WH--72'),(78,'Karstark warden','$178.85','#919191',0.8,'WH--73'),(79,'Direwolf riverlands the','$132.86','#b2b2b2',0.6,'WH--74'),(80,'Tarly Stark','$14.10','#020202',1.4,'WH--75'),(81,'the duel','$15.87','#7f7f7f',1.2,'WH--76'),(82,'kingsblood Littlefinger the','$12.45','#545454',2.4,'WH--77'),(83,'duel tourney','$26.51','#cccccc',2.7,'WH--78'),(84,'Karstark Tully Dorne','$92.91','#353535',2.1,'WH--79'),(85,'bastard of north','$62.62','#474747',1.0,'WH--80'),(86,'Stark kingsblood','$189.21','#141414',2.0,'WH--81'),(87,'sith Jade','$96.26','#e2e2e2',1.5,'WH--82'),(88,'Stannis warden south','$167.15','#515151',3.0,'WH--83'),(89,'skywalker ewok','$172.78','#636363',3.2,'WH--84'),(90,'Winterfell','$39.73','#757575',0.8,'WH--85'),(91,'the duel','$59.76','#adadad',0.6,'WH--86'),(92,'Stannis warden','$168.49','#afafaf',1.4,'WH--87'),(93,'Littlefinger Tarly Stark','$192.60','#efefef',1.2,'WH--88'),(94,'in south Winterfell','$51.94','#3a3a3a',2.4,'WH--89'),(95,'riverlands north Direwolf','$6.90','#c1c1c1',2.7,'WH--90'),(96,'dooku solo','$20.92','#282828',2.1,'WH--91'),(97,'jinn Winterfell','$65.25','#bababa',1.0,'WH--92'),(98,'Direwolf Littlefinger','$38.33','#bababa',2.0,'WH--93'),(99,'the duel','$151.78','#212121',1.5,'WH--94'),(100,'south duel','$40.43','#6d6d6d',3.0,'WH--95');
/*!40000 ALTER TABLE `products` ENABLE KEYS */;
UNLOCK TABLES;

--
-- Table structure for table `transaction_items`
--

DROP TABLE IF EXISTS `transaction_items`;
/*!40101 SET @saved_cs_client     = @@character_set_client */;
/*!50503 SET character_set_client = utf8mb4 */;
CREATE TABLE `transaction_items` (
  `transaction_id` varchar(255) DEFAULT NULL,
  `product_id` int DEFAULT NULL,
  KEY `transaction_id` (`transaction_id`),
  KEY `product_id` (`product_id`),
  CONSTRAINT `transaction_items_ibfk_1` FOREIGN KEY (`transaction_id`) REFERENCES `transactions` (`id`),
  CONSTRAINT `transaction_items_ibfk_2` FOREIGN KEY (`product_id`) REFERENCES `products` (`id`)
) ENGINE=InnoDB DEFAULT CHARSET=utf8mb4 COLLATE=utf8mb4_0900_ai_ci;
/*!40101 SET character_set_client = @saved_cs_client */;

--
-- Dumping data for table `transaction_items`
--

LOCK TABLES `transaction_items` WRITE;
/*!40000 ALTER TABLE `transaction_items` DISABLE KEYS */;
INSERT INTO `transaction_items` VALUES ('02C6201E-D90A-1859-B4EE-88D2986D3B02',71),('0466A42E-47CF-8D24-FD01-C0B689713128',47),('063FBA79-99EC-66FB-29F7-25726D1764A5',47),('0668296C-CDB9-A883-76BC-2E4C44F8C8AE',89),('06CD9AA5-9B42-D684-DDDD-A5E394FEBA99',43),('07A46D48-31A3-7E87-65B9-0DA902AD109F',47),('09DE92CE-6F27-2BB7-13B5-9385B2B3B8E2',67),('0A476ED9-0C13-1962-F87B-D3563924B539',29),('0BEB80B7-9D66-1707-CE4B-9DC7E71914B5',19),('0C7C3A33-9947-3BC1-846D-7BE3D0D17598',89),('0CE957A6-CCAA-2B7A-6839-8A4B1B324853',83),('0DD2E608-5C9E-D1B3-4999-B99F43AD735A',7),('1017AA59-3D5F-7A4C-1992-D151A8D1FA0A',37),('1026DA24-8929-31F1-8250-D7BAB05C13D2',89),('108B1D1D-5B23-A76C-55EF-C568E49A05DD',59),('10A9B07A-810C-76EB-4D15-12C6CC128037',43),('11ABED97-EA12-1B9A-96F0-A93ACC172179',29),('122DC333-E19F-D629-DCD8-9C54CF1EBB9A',1),('133B82CC-DE62-8604-2D11-3DC5449E0A5F',29),('135267BA-2E7D-957C-C42C-6450A2B3ED54',11),('13DCC69F-EA07-E52B-8309-D474C6281E80',97),('13FBB312-B283-7976-DA47-14DE5986218A',11),('1479B3D2-B7BA-C7BB-4CE3-8D7C2DE85ABB',89),('14CAE5B5-8FB1-3E4A-4C85-0EA4167534F4',2),('1517E8A8-8B44-A7C9-6691-692C27D0DC2C',83),('152598C2-029D-D684-4B66-91EDF393EBFF',23),('156F3F80-7E7D-65CF-727D-6AE03CEB7520',5),('1575F87A-E37B-DADD-554C-A99D8E7162A6',61),('158A3ACB-541C-DBCC-65BD-6373CC67BF1C',13),('15CC4862-D13E-ED4B-941C-486484AFDFAD',97),('162C7E78-2B6B-7971-A1E4-D2124E732451',89),('167DE938-B1C2-428D-FA3D-96A45CD41B22',7),('1717FD6B-ADAD-7082-A748-9112BE892CCC',2),('1742D72D-6EC3-1B42-A1B2-24AA75A6A14B',17),('1753A288-9FC1-52E6-5C39-A1FFB97B0D3A',1),('17561134-37A4-E316-2C3C-C5541EDAD761',53),('1788C881-EE67-9BAB-377A-4C78E772160B',7),('17B43AB2-DD7D-96C4-2C7D-1989F119A1CB',29),('1822A630-4B6E-DABC-2576-6EC107FA15C2',23),('18528B27-18B8-93DA-9B8C-31635C536DA4',83),('185C9F2C-67A2-8EC0-0BB6-93789CC59F05',11),('186F53DE-DE27-B1FE-B82F-15B61CEB7726',17),('18B1AD88-F155-45B7-D2EA-4738407435D6',7),('18B2472B-DA8B-36F7-B0F2-7DDA688B73D1',59),('18C4E2DD-1E4C-F35E-2198-C660BD81DC25',61),('18CCBA7C-ABC1-813D-FAF3-4BAB97429368',83),('18D648AB-7D54-A3E8-2DBA-2D8D2991CA43',89),('1998A483-B4CD-FAE6-745C-8F2F2EB77A8E',31),('19E1EC3E-2119-1EFD-8AAE-5930D4A4E63F',83),('1A1279B1-B393-3EE4-6A2E-6D8F1256A49D',61),('1A6CECFB-2E3A-65A3-72D9-2FDB58A1E4BA',7),('1A9B5411-64D8-DEC4-AC74-43E235AAEFC1',3),('1B117D49-936C-BA6C-E94B-30C3293AA239',59),('1B521826-5860-5A86-5364-6EB6A5CC21B7',7),('1B636B58-A2E8-7C69-D9C9-C54535DAFD3B',53),('1BC3AC28-04FB-7015-D93A-422C9A68528D',61),('1C3B3CC4-B919-7616-6A57-EEBDD7B7B68B',61),('1C9EE7A2-EA73-9E54-DAC7-D08632543C68',2),('1D03001C-97EC-77F6-6E7E-8E2CAC237EA4',13),('1DE927AB-29A8-654F-3372-43971B6844AA',73),('1EA2B262-D507-AD14-4374-4D532967113F',23),('1ED7A10C-3D78-18C5-483D-8FFE72CB8D58',3),('1FB125A8-0901-63AC-E2B7-349E5974FBAD',79),('20418DE5-B804-BE9B-BD7A-A95C1BFDBF5C',89),('2075B12D-69AB-7022-57BB-33ED49B72766',23),('2139A647-D965-AA81-3915-55DADA16CD3F',79),('22C9EC22-45FC-72C8-63CE-5FA99A24E770',5),('232D9E61-96EC-4D47-8191-A815D5EE89FE',13),('239B8576-6C0E-137A-C2F6-3180A188A2D3',89),('23CF8ED3-402C-7C54-59CD-DB505C5CCCCE',61),('241827A6-E87C-6DA3-5AC9-BBCFD42B7D2A',97),('2449E458-D672-3152-B598-FE959AC3AEB6',23),('24EB2B70-3602-FDA8-54D5-9CD7F3CA523C',2),('2585891B-C4C7-075E-358B-B575339E5177',79),('263035AA-8758-E413-8CC4-6D8F81BBF899',53),('2660D3B8-0B2C-AEBA-A891-95433968CF71',83),('267C4A86-7BA7-1C5E-0718-2824983C87DD',17),('26D8A738-B651-A620-1EEA-D8E2CD353BEB',19),('276AB37B-1B03-234B-1DA0-88FF91175221',19),('2899837A-45A3-D3B1-0D03-8B33B867DF9B',11),('2A37F5B3-11D8-3BA4-6E94-B7407D91942C',89),('2A5A3001-104F-1D1F-7852-5BA801869B6F',13),('2B20375D-A316-8471-E83E-41EC79B7A88D',73),('2B928E1C-EC14-A760-0A75-871477649D6A',59),('2C7D9B65-2629-CAB1-5010-77BD1A74ADA6',53),('2C9A4725-4B19-621C-4EE4-AE9E31CFE5B0',73),('2EA96879-F291-A5B2-BDC8-EDEAFD054661',59),('2EBE1D7D-9D97-9E4D-E758-2CDB994497A5',89),('2F3B6AB6-147D-EB0B-FE8D-9A4E2EA9DBD5',47),('2F499B4D-4DC7-B337-010D-8B7471812A80',1),('2F74E99B-9337-7F74-5208-5DEC81A174FD',17),('310B8BF9-A441-1470-EDEF-417B7EF2B169',3),('3142C93E-B3B7-49E4-EE2D-29CA834B198D',29),('32A9BDCA-1390-2BE1-82C8-AD514E38A203',67),('331A8A52-52D4-D323-0388-1A97C982E441',1),('33525F74-4864-C19F-7D23-A8D78668B7C4',29),('34368DE0-D181-1B5C-6698-8DF585C06421',61),('3461A2B4-8BEE-3797-ACA4-1DA3E64AC243',79),('34AA1D64-2989-DE1C-8705-C66C8DDB19DD',13),('3578688E-7B1D-B887-3BC7-20B8673AA31E',41),('357BB633-3C33-A9D3-B8CD-9DDE75951893',53),('35DE2442-5AEB-9C73-E8DE-BC31DEA8C4DE',2),('35F284A2-5028-6DB8-A631-78B7981716C2',37),('360C7814-F7AF-B43A-0946-AB38D2683C86',7),('369213C7-BD65-0715-6644-D5E4F9BD9914',23),('36AD59C1-944F-C355-8358-B83A446F3272',5),('36CCD7CD-F90E-2EE9-5B8B-576A04715373',11),('370F6D3D-CB63-7335-8B43-15C876E2843B',11),('37C2603F-412A-E0E9-DEB7-BE2982B5CE0D',13),('391E1CFD-D653-E45B-A729-F2EB93247B58',83),('39C889EA-B158-242A-0B79-E28E8B3A2342',47),('3A3B4A86-14FC-D9B3-164A-21542B509E1D',19),('3A3E00C1-C191-02EF-AD8E-42C9DA644E4A',3),('3A4D2D8C-AC59-C2D2-2C36-EAAD62B32B26',61),('3AA66E6B-D2C4-CC71-6BF5-889E44A3D8D9',71),('3B2D4464-1E9E-D3AE-D837-6E14C69B7BC8',23),('3B37BE91-420F-4361-238A-3C5A42B998F7',37),('3C291BE8-CA7C-39BA-76F8-7CB74937EC98',31),('3C4D7C2A-A402-B941-625A-D64CA53526E8',23),('3C612673-2DD7-43C4-87CA-F90DE2E1372E',41),('3D4B5BDD-C674-13F6-B132-09D180277BC9',47),('3DBC2D2E-1885-9D8A-3476-61E6865183AE',83),('3DED9D58-D22A-2B11-C662-183011AE51F4',79),('3E18E43B-892B-F520-6B38-3A177E27BD19',59),('3E495EC1-E1C5-26F1-0E3E-2D13EAA2593A',31),('3EB67ADC-B4F1-83C4-93E2-E8469D1A37F6',37),('3ED634C2-01CA-D6E9-2DBD-24B53A7912F7',37),('3FEC4131-9BED-2EA6-1776-82674C80DDBB',71),('40EEC58F-C386-1B13-D59A-34216F9694E2',5),('414D51E1-B793-49F5-B593-795429B4E258',7),('41932C77-45B5-C786-6B3F-DBB619B2D535',89),('41A2942C-D6E1-B164-2A45-D7ED17237A3A',1),('41C13F08-471E-D475-3E14-760DF3F79B42',3),('41EC591D-808E-D85C-F05F-08BC3DE7A618',17),('4217E857-1D51-5D25-B645-EC24D23C8759',7),('4236493E-3596-5E19-4768-2195A5D17CC0',71),('4334349E-CEB0-3D68-A4D4-FEB7718A1ACE',67),('439F4F6A-57C7-3A59-6038-AD7133887522',79),('43CDD853-0EC5-439D-8A4E-0D811A4A83BD',17),('442713DA-4BE6-132A-51B8-AC44EA6D5839',5),('443E9122-55E4-142E-AAF8-C0E7148C38AB',43),('44D0BBB1-975E-86AA-75DA-BDAFED65F368',29),('44ED47D3-5B2D-2D7C-44C8-8B258DF3773C',19),('450ADB51-22CC-B21C-7985-6F34366BE126',13),('45119B5D-1D54-E623-3C41-3EE30B21A04D',59),('45CA3E45-6B42-CAC4-7683-EBB69D523B3E',41),('467CC274-71A7-51F4-B58A-A77AADD25833',23),('4832166E-E11C-BBC3-41DB-B8704686B7A3',41),('4915FB62-6A6C-9ACA-E92E-03D94E774161',97),('494D615C-793A-2D79-B0D7-872F4F822346',7),('49CD105D-E569-3733-C8C8-3908ED7E1838',43),('4A0149B2-B1A1-D766-49A1-86BA9517EA07',53),('4ABE3D77-BF86-12D3-E1C5-22663D37C199',23),('4B3FF0B5-1547-801E-D5B0-44EDB2F62210',83),('4B517EB7-E52D-6A40-B47D-398B745EE183',59),('4B74B94B-D123-7C7E-A9CE-7DA26F911F55',53),('4C978E50-CBB5-9B56-2BB5-BFE53636C719',43),('4D8E4891-1711-7D30-E4CB-645A8DF59A43',47),('4DA5B1CE-E88C-23D1-AE6A-B7589E4FB2D5',5),('4E562A2B-99E9-8C82-2340-B6623BC9FE2F',1),('4F311D6C-13DC-489A-E153-0E2C9C3C47BA',53),('500321C3-A747-2C44-8AE5-5BAC73A663D5',29),('51328349-2536-AB4A-8E97-D2ED2782A7B8',43),('518D6CCF-593A-8932-BE5B-44597DCDDFE9',79),('51A4866C-484C-5529-8419-B7BBAD4E294D',5),('51CEA9A2-56AD-C8C8-EBDB-6AF2B74433F3',5),('51DDB2CB-211E-C27A-24C1-239329CA17BF',47),('5218E51C-E258-BFA4-BE23-AF815F66FAF8',31),('52B1839C-D594-EB3D-4A72-730B1C8B08F4',53),('53398420-74DC-B969-5566-4A83B0DDD757',43),('5458A436-88C5-7CBD-CEB6-8A4545B12CCA',1),('55166D02-D74C-6A63-6C54-8678467649B4',97),('55B161FA-A6E4-7783-11A3-ABB8930198E3',43),('55B6A583-1E05-6B1F-BE39-36F44786BEFE',17),('5640D665-31C1-9BE7-A745-AAAED5D53F72',43),('598EA316-9623-BDA9-6D24-529A830AD995',79),('59BC588F-9D74-8B8A-A11D-D604A8C086F2',7),('59C85B8E-4CE0-B66B-4B5D-3A557324E6A9',41),('5AB20418-79A8-DF6C-D446-BCF5A48CDEDB',13),('5B0EEF86-B8A1-EFAA-5EE1-27E7DC8F54A4',23),('5B3327C3-0A6C-EFF1-182A-CD8220923A98',61),('5B56159E-E3E6-2777-BC01-5659C2A69E96',23),('5B60F39F-96CC-8C8D-EA01-E658063A8181',61),('5BA81852-2D60-169A-805B-E1FA120E9683',3),('5BAD8B6D-41B2-E757-6396-88D687C6413A',17),('5C3A8A3D-8974-40A6-A8AF-C1F7AA6B7C94',97),('5CB0C889-D096-D327-ADE7-D111E1E6E2BC',17),('5DC8DC6C-24F8-36A6-4A1C-60E444EC331E',17),('5E47EB85-1F76-1853-839F-94FCF9A95700',19),('5E6EC264-1D42-EE1D-870A-497C85828A6A',5),('5E7BBA02-A5B6-C734-D7B7-241D674254A9',71),('5E948202-34BC-F107-29DC-306A2C491A87',41),('5ED6188E-9C6F-3B05-DE49-41543384BDF7',11),('5ED7CB81-3126-AD69-E8D8-ACC187976BBB',43),('5F4738BE-B392-A2E2-1E8E-C4A812C6A95C',97),('6118B3E9-D9D1-55D4-1A1B-A58CC63845B6',19),('615195B8-9983-A350-3DC7-A16B5135D68C',1),('61EC87A4-CF88-B392-F83B-75E7F2C93537',89),('62A399E3-0FDD-2E65-5A95-21D8C59C33DC',67),('632BBEE9-4725-E15C-7FC4-5B5D7EC5BD29',89),('634E63C6-C2D6-EC48-4CCF-6B4A60AAEEB7',19),('636C9DDA-453D-B336-FD2E-89A0E48E1C52',97),('6434A591-C914-3A5A-A9B5-689653768EC8',67),('643CF9F8-30EC-537D-2FB9-E5BEAD5717C6',7),('644264C8-A268-C3C5-5929-958C49CBC926',43),('649EF79F-4A7E-BCE8-07EF-243030BE5787',53),('6575E457-EF8B-B50A-AD85-68ED6FE98BE1',19),('659112E3-A432-EF12-DCEE-947A81E53825',23),('65A7C3AC-FFFC-3495-95B1-52C38507E523',83),('65DB2765-E85D-2B74-2BDA-A8AEFD248928',47),('65F57592-B32E-1D2E-3466-57D7F1691D0D',67),('65F73281-0AC6-CE48-6667-1C8E66159728',43),('66179D5C-9B8D-5E13-9249-BDC1A35406FC',17),('663844BA-35BA-11C6-FDCD-598E898EEBE8',2),('66B35B95-C39C-684B-7BCD-CA45E2C7CD4E',41),('67692B94-E67F-0D25-59BF-D236BD9B4711',7),('683334BD-AA2A-0249-B1E8-2FB4CE44E908',67),('693EED6A-CD1A-BC0B-B2C6-3DEE6A90290B',67),('69482DC9-4E31-62E0-14AC-05908C632212',79),('6964B59E-5B14-4E8E-88B6-D3D9A52E1418',47),('69775872-8509-62C6-FCBC-ECFB6D7D847F',3),('6987DFDB-C49A-A1C3-7236-4258332C794C',53),('69D90229-AD26-43C3-5AAF-8D332D3B3E62',67),('6A888487-255B-B546-907E-AC033DA2B841',13),('6AAA5BDC-C19A-82CC-EF22-70DEE21ACF9E',2),('6ADF86D5-DD32-BC6F-D157-8C836F5BEF67',1),('6BB61B4B-EBD8-84AD-EED7-882D166A7A1E',19),('6CB65FA4-6A8E-0C33-BFB7-2E8E4A775E4B',71),('6CD4E674-30C5-7F82-7AE5-D8D48E62A684',67),('6D2CA59B-C6E7-3938-CA4D-3603D23647A9',53),('6D69D98A-F18A-99BD-BA86-E43C29FC5ECE',97),('6D891688-E9DE-C3CC-6AE0-B171C08A37D7',61),('6EECB866-887D-FC95-E094-45DB4943B515',43),('70152729-0350-F99C-D057-EF42857AA849',73),('70432CEF-BFC6-6827-037C-89013205B2C8',47),('7122EA62-2DD9-C622-23C1-B8B555EE5B77',53),('71983A22-79E9-4843-60EB-B935637FFAA4',7),('71CB87BE-F93E-4877-DF6D-1BD3B312ED29',5),('71D61251-11D7-99AE-4465-8E21777B5B91',59),('726E5247-EC79-A415-3409-16A666404C6A',41),('72997E96-DC2C-A4D7-7C24-66C302F8AE5A',97),('72C62199-C17C-9E1F-8AD7-247B81D6D758',71),('73A71CC9-4812-F2BF-4561-3B248FC6E806',67),('743280CC-B786-23A5-5E18-15B5E1A9CB01',67),('748C9977-7E2E-A4EC-B272-C686D159D59B',5),('74AAB47D-9528-DAF4-D7A8-AC94C74F6997',97),('7545D580-8332-0024-92F2-6AB47E5C205E',47),('75685049-7F29-3D74-733E-571854E7C521',2),('756BC84B-7652-561D-07A6-E6A5612825D3',5),('75CCE66C-1C7B-8777-4419-467AD80B77C1',2),('75DB5267-8C65-77D2-26BA-F5F3BD39C874',19),('760EEFBC-3E63-3111-613B-ACC61E1B5136',61),('7622460B-29BE-594C-8D14-D73DEAD91B94',43),('770ECE34-EC9D-34AE-8A96-A8E5749AA037',59),('77B044E8-522C-7870-18E7-B4458BD7EC90',61),('79AEE4AA-8CFA-14A0-53C5-C2143C2A22E7',3),('79B621A9-3FAA-41E4-2845-3DE6532C743D',11),('79F26AC9-5EEE-1AF1-444A-3A012EDD45EF',67),('7A0BCF99-A8ED-A7C7-2828-CD30FDC44297',17),('7AB09864-E615-84D4-A818-0E6177185C92',23),('7BA8EED9-5129-BC22-1BBC-1E832192D5C4',41),('7C90B646-75AD-A3BC-E3D2-6F8F4E935F34',79),('7D0819EC-7363-6767-36C0-97C7E77D5E65',97),('7D2C6E68-5951-C198-A567-75D465E7CDD0',13),('7DC26247-20EC-53FE-E555-B6C2E55CA5D5',71),('7DDED3A7-4845-57C5-8152-30D7376C10DF',59),('7E6B501B-AD98-1B8B-E7A2-8659C886DBC4',73),('7E9C9286-F32B-3CA5-68A3-4A841E3A8311',1),('7EB174C8-192F-1A8D-2F7A-EF688EB5B597',3),('8028392D-6B8B-C3A3-4E16-E86603AD4204',31),('802BBC0F-2B3E-0F18-258E-D687B9DDB776',41),('80776A89-E0D2-A8EA-759B-50427D32BADA',89),('82406B7B-C498-4FF2-517A-F9A9E3BABF41',1),('833D9E90-4125-CC29-1E8E-647F9F17571A',3),('83A1AA60-721D-6CB6-9857-E794C6EACDF8',29),('83A757C6-A262-AECA-6AC3-5FBA32AB7329',89),('83E6BA9E-E737-37D0-5385-585F1B8A318B',89),('841AC1A0-9CA6-2AF7-EBC2-BC9C77C1EBB8',47),('842B6344-B4A2-050D-AA31-9A80432A7E37',97),('8432397E-BCE5-EC1D-67E3-E0F92EDB1777',7),('8438C66C-4964-D73D-6839-24F2CDAA5828',37),('84B8ECA6-A786-91C0-C973-8B730565BFA3',11),('85068503-9D65-6978-D3C4-8E4A8A1B9A3C',17),('85362E53-765A-FFD1-585C-18DA6D644B38',79),('85390F4A-9A61-3352-7EE3-ABDA9EDC7C55',73),('85C562AB-DC50-8E93-3D86-47B1B751A851',79),('8626BAB9-6D87-C136-8E8E-61D3F2FACEA6',7),('8655F767-78E6-733A-37B9-210CC3D1D4A9',61),('86AA189F-711F-E754-96B9-EB84B2305782',3),('87076D11-12E5-5E88-342E-BEDBF6EB1DED',41),('8719DE73-B4B6-3B52-29CE-15B666A73AF6',47),('873581C1-A079-1277-694F-4E735E854AC9',2),('8768FDE2-A231-B916-8644-F7DCD13CAFC2',31),('8789DBFB-7C15-7855-8EB3-AF865244277E',37),('8796C289-D355-1A10-3CD5-ADF327D4642A',73),('87D22108-C911-AC97-A3BE-B91C1DEEAE79',23),('88A74E4E-D317-3F69-86A2-57849C548E71',53),('88A92E6E-863C-A9AA-D832-B46BF23597CE',13),('89398CE5-8912-EC57-7649-3F5394C7D795',97),('89A34935-2145-B045-3ED0-1FFAB39DDA32',23),('8A515ABB-2FED-22CC-CD25-9493530D2EB4',43),('8A5C0729-BEB4-C999-C36A-A3AC7A0C7B8E',31),('8BCE9908-6D44-B7DB-D363-D468A2DF3A25',37),('8C5C40B3-3988-EE44-126E-18147A9E62D2',37),('8D5C52B9-42BE-480C-359E-CE36E1916D19',61),('8D895ADD-5501-2A9C-24DD-2EAEB7AEF1C5',61),('8EECB926-0A27-9A3A-D0A8-B8FDBC0F8A75',67),('8EEDAC97-5D5C-8649-B476-2F9D9FC28F80',59),('8F54691C-221E-BB4E-4954-5373EE2C959E',13),('91B2C6CB-7955-2967-F37D-10B69368AD3D',23),('91C71934-D65D-B4A1-0D5E-670A47DAC93C',79),('9281A912-BC56-8905-9279-FC8BDE2185F6',7),('92DCEDD9-46E7-9792-FA05-9B193E926C8B',61),('935EBFEE-B75C-6C68-4AC3-61351035C549',79),('943113EA-A763-9D81-0594-37159E119857',89),('95E6F678-3731-28A5-EB21-1A8D2D016BCB',31),('9679E769-32DC-2591-B893-B4AA2D84E332',11),('96EA5722-F3D4-FA2A-AC8C-865A5A72DBB5',83),('96EC9CC8-867A-B71B-D61A-934C59DF7514',67),('971B44E4-D8B9-4553-163B-E41EB6A0637E',17),('97A22779-F07C-91C1-2331-BCBAD44EBA4B',43),('981D2677-9924-A1A0-8A23-2AE7E988A7B7',3),('9833DD1C-702C-A8A7-FBA6-ABCA470DF7BE',79),('9A58B3E0-1E27-94E2-6487-9A63F07BC833',17),('9A993DCE-716B-D784-9192-285C2A490AE8',61),('9AB66BAE-D007-3BD8-C34B-93C854E6715C',43),('9B487518-5BB7-8169-CD02-3E3992459539',41),('9B6B74E4-92EC-1E1B-908B-3C611E43611D',97),('9B7D1DBC-1A36-4DBA-BB0F-CD7616DE3C4B',73),('9B9F8626-8BA7-45E2-CE6D-CD16D0ED80E4',23),('9BC43721-DD11-4539-AA84-D544F911251E',97),('9C11DE85-F985-D119-4664-15D448C5E913',19),('9C4B45E7-C159-18E5-DB43-9D6F897775D4',89),('9CB62BC2-FFA6-449F-59E4-379EDA5F29C6',29),('9CEA5069-EEDB-11BB-F8DE-9E8585CA56B8',73),('9D38BED9-558B-EF5A-E4B3-C9668587A15B',67),('9D4AB77C-9F51-FD95-EAB4-A37163E6D3E2',23),('9DED76AE-FE36-ACC3-7377-AE98A6D95247',47),('9E14CE6E-A32B-E693-2D42-F12C6DEB4308',3),('9E97F534-962D-5B43-9AAA-24533FB7EDBD',19),('9EE639A3-2836-87C2-207F-AF3941834DB2',19),('9F698741-2C27-2C18-9CD3-E3C7F9FBE1CB',29),('9FBB3D61-D3C2-E5BB-4BC3-6CC83C718D34',53),('A02DC5D8-F7C6-EAE3-C038-32488538F6BD',47),('A095D2D2-BE1A-6673-3369-5951992C967B',2),('A11EE195-49D1-4B36-28B2-47DD1541A2D4',29),('A143CEC3-5F73-4A92-BBEC-48125E1A9C17',71),('A14C4361-9AC9-A3E7-7B1B-73BA6A3D23D7',89),('A1701A12-426C-3632-A533-974AD887466A',83),('A1AACB02-187B-2BD6-6181-B215A93B1B39',79),('A1ABDB2E-4E96-3D0D-2E4C-B19425290943',53),('A2689A2C-722B-9357-886D-2DDA864E246D',17),('A2CD7827-4C8D-9E71-8549-262833307BF1',31),('A31B0B35-6658-6805-353E-88479B3E4FD7',79),('A324A47C-7E94-548E-E352-7BD8671E41B3',7),('A38992C3-9B3D-C35C-3AC8-477132B4904D',1),('A4534186-6CA4-E81C-26E1-896861685ED9',37),('A483C535-9E4F-6D72-D568-B496DAB0DE56',71),('A4848E54-0F7C-7164-6C3F-631F96747C52',47),('A4D0D84F-4622-BB83-E6B6-51E545D4A217',7),('A518C6E6-C671-53D0-FD31-929866A32E35',31),('A6240105-79C6-DD54-28A1-0164B6CE6767',47),('A6EBADAE-2E18-2FD5-0359-C3C2BBDBAB04',71),('A780B6A7-8EFF-9DBD-2024-FC4E3AE5DE27',11),('A82B7A4A-9176-A612-248B-6BD8D384766D',53),('A84B14A2-2964-EFDE-A234-52B8BCAD87B7',97),('A8748759-CE49-BEDD-D5B3-EB5B3C38A2A5',43),('A89CF3B1-ABAB-63E4-220B-3549EB570544',83),('A89D4669-57D3-2ED8-5E49-BDC1293B0BBB',43),('A8B58331-8394-8277-4654-F95887136692',79),('A8E203DA-9A20-2DA7-29E3-D8559BBECC95',71),('A9225721-1D92-9A16-A4B4-751134C5E702',41),('A92944E6-9C59-141E-3F91-66B3C9EDCC31',1),('A993ECC6-B915-5796-8B2A-8191DF52588E',79),('AA1C1C48-FF62-DE8E-AF15-B183B5BD166D',71),('AA6CA954-0AF1-D69E-6BEF-6B5B168C1A82',23),('AB069F53-965E-A2A8-CE06-CA8C4FD92501',11),('ABB45963-34C7-8C51-4A76-CCD0DD05F548',19),('ABCD2C8D-21D8-2EBB-5A47-E0D7E7A5D64E',31),('AC272DC8-737D-FBB0-548A-B09582C1C00F',47),('AC777376-9329-BE65-285C-505D7C83A262',23),('ACD2011A-A2B1-C365-41E1-2AB00C65147A',2),('AD85A78A-8829-5746-93A0-8B7A792EBC18',2),('AE7467A8-B8F4-6E7B-D41D-C426E4F16B75',61),('AF4491D0-A15D-BAAC-4D0B-42B3F645632B',11),('AFE3C197-0B9C-985B-D146-571CD7BEF7FB',41),('B03C0BC7-28F4-D474-8928-523B19A93E7C',1),('B0597154-5E41-5A87-4B0E-A8E57353C5E8',41),('B1ED4136-DA1A-6BF3-4C61-7A575F624670',23),('B220187A-2A9C-0384-EEA1-DD917F11C94F',53),('B2C86E4D-8267-F19E-171E-FA48BA22C973',17),('B31AC3BB-1529-B0CE-C385-41CDFF671921',11),('B3B7F2C7-AC19-929C-EEC2-8333E6EBE781',17),('B3CE84BA-2A5C-226C-749F-ECCDF91F19CE',17),('B3E58105-C56C-816E-C133-8F2D7940B0E4',2),('B4793303-EDF5-4F53-39CB-AA6A2877CDF9',37),('B4E1213B-8B35-9D9A-DD7D-93EBC7BCD7FF',83),('B4F9ED4C-DEB5-266B-1A61-1A1965A10118',89),('B529B64A-B491-BDD1-75BD-CC362A009B58',37),('B53165B9-7C93-0783-641C-5EA94E4C8683',71),('B57F59CF-8350-864C-ECD4-652F5E7882FD',89),('B586C7E1-2C13-BFA1-77D2-5DD13CCEA898',83),('B5C49D11-1D34-4B90-209F-803CBA1CE91F',43),('B62D17A8-456A-A5B2-88DB-25314036778E',31),('B6B96082-ECDB-22C1-C413-6E14E8078EC6',43),('B6E5AB03-1D98-EE7D-108D-E0A2965AB147',83),('B6F30493-40C3-5391-8A92-5217B10C391A',67),('B7626077-B74D-45A8-E3EB-EF331AA53ED8',79),('B86A5793-A474-8B73-EB69-63FDD4809AC4',41),('B8B813FE-E89E-C046-17CB-94E9DEE597C1',19),('B8DD4087-8749-D9A1-4E81-C28FBFD76C94',5),('B98FC9AE-1B20-44D3-2C59-EC4D2FE9AE17',43),('B9A3856E-B2FE-F957-CC3F-F3473D2B5CFE',61),('B9D1E653-C396-DBE8-09E6-D754A877104E',13),('B9D9B488-E843-C5AD-FB5B-2F4DE894EA53',37),('BA1BE1BA-AAC8-FD6C-3C74-A77E375AE85D',41),('BA338D01-C4D1-6F43-DDF8-5EC8C8B8384B',53),('BA91684D-74AA-3BB6-148B-346B6EAD1937',61),('BABBBE60-3709-7C4A-B5E1-74CB260A93EA',1),('BB19787C-ACBC-786D-FA21-3C1C73B3027B',41),('BB611D65-521D-E30F-94C8-1CD1EDE9CC28',59),('BC2B9A38-77B4-28CD-1FE8-14DED863E773',79),('BC9E5393-485B-418E-6E9C-CB454E934224',79),('BCCE274A-5F25-CF12-1566-492ED48D8211',17),('BCD57868-7187-DB86-BAE1-EB3E6EEC3B48',79),('BD41DCE3-9AD6-D311-63A8-4B7488584F8A',3),('BD440E6D-FC5B-A13F-251E-B745CEB24F04',73),('BEB017E6-42B6-10EA-3295-42CA3DD78302',5),('BEBBC256-9696-1AAB-2C73-D2F3775301A9',59),('BEC27123-5319-528A-52CB-33933AEC1724',67),('BED35659-8521-645B-95C5-F58B732FA6C0',83),('BF0BA28B-355D-412E-089C-B152516DC965',13),('BF10E3BA-63C3-FAC2-BAE8-D82186EC7A9A',47),('C0343DE8-E34C-4532-BE22-2F2E6BD34D73',5),('C0B1ABC1-0C03-5C27-977E-A5EC13EED863',41),('C0B617A7-A5B1-AF49-C9A2-8112974C4957',43),('C0E79971-4E7D-C876-ABE5-5402A7162951',37),('C1A3EAD1-4BB7-343E-9542-DCB248FA39CE',11),('C1DCC32D-E42A-F2D6-17AD-FF4A639A9B5A',71),('C2248CED-C28E-6A93-6AF4-C33CF738471B',7),('C3516B1E-4923-B2DF-E6E2-B07548480CCF',17),('C367DD1C-B8F0-5870-E9CF-9ED298A60A6E',43),('C40174D7-1EBC-29B2-2F70-53236CA24369',67),('C56D5792-57D2-19E4-A43D-80D362E62879',7),('C65220DF-35E3-CC92-34D5-E9469AB61042',23),('C655DD05-66BB-282B-2234-EB6345C625E4',53),('C65A7836-4EC2-7C17-E22C-04D8D54A5B1A',73),('C79B917A-76A1-9A57-A9DF-D8CAD4C91684',83),('C88532CB-7A60-CE22-AFD3-6A8B641C8D7C',19),('C9185110-96F7-193C-D4B4-D1086A63744A',53),('C9BD3AC8-CEEE-D5CD-1338-6375C2F1E69C',11),('C9F594B6-A163-7553-D216-DEAC68EAB680',5),('CA264293-D392-1E21-1BCA-16CEA88D875A',89),('CA515AD3-5A34-6966-073E-1D231CE56678',2),('CA8EDD4B-5EC5-8447-3804-20B27924B221',73),('CAA74261-A8B4-9FAF-C71E-D439262C143C',37),('CAAD217C-D2CC-C0D3-7D3A-95D6A32383EB',79),('CAD3A46C-AA37-967D-A1BA-5C490488D9AC',41),('CBEB6D56-317E-1FA2-55D1-31B5C769C6C7',2),('CC77BEEC-E348-8BC9-BE81-46F75404E183',71),('CDB26CD6-B89A-8EDD-E1BE-A332460535C7',37),('CDCDE7A5-39CD-9ABD-59D5-71641582C825',1),('CDF1E4E5-1A4D-54CD-8734-D48AC4C3E5E6',37),('CEBC8755-77B1-722D-A899-E86B58B837BC',97),('CEED5D49-B28F-49A6-E967-9E7F74864190',19),('D1389977-A7AD-1B56-1DE4-E2E94741D40C',1),('D1573887-B075-C061-BEE5-FDEB8AC7B74F',61),('D1B245BE-2D26-CA7D-C357-027A6D27A0A1',83),('D1E3CC8F-C783-2C23-1ED2-EBA82281C666',79),('D20BBC5C-8161-1D3B-E15D-243D51B563B6',61),('D233A5A4-E618-32AA-B9CB-55C7A8E84359',17),('D271975D-77F6-485C-4E2D-C43DA27AB787',7),('D2BA2DBB-ED84-B809-6198-E8461BE35646',37),('D33B21EB-A61E-BD8C-5DE7-1DA4AC210AE6',17),('D3470F3E-9683-799A-40F1-E42C143BAC5A',1),('D3831AE1-A50D-1541-AF7B-EE75529F278A',23),('D39499A3-A9B6-36B9-2B8D-25AF340EDEEB',29),('D3C579AE-FA77-6234-9843-6DA39D6E329D',7),('D52157FC-58FC-68E6-91D4-CCB11178F8AC',19),('D5DA371A-BD48-CFD9-37FC-A5CA45B97B5D',7),('D5E51BD3-4284-8097-8887-4A656C3992A8',1),('D616D488-341E-C82E-5137-12B8B0E79C77',79),('D6419ECE-BE11-7DFE-DEC7-1A2E695B19EB',13),('D662DF87-90B7-8C73-CD48-FA68399392C9',97),('D69CE9B1-EA51-56DE-7A5A-496B1F63D112',17),('D6EB93C6-5733-84C8-FDD6-57BA4136E528',5),('D6F37D7A-A07E-01AA-DE27-476C89D26A8E',61),('D79CC16C-F4B6-2F15-14EE-50EDF35899A1',67),('D7F7744C-39EA-B921-E945-40E135484B4C',2),('D8357216-2798-76CA-6C49-45BEC2E8C6BB',53),('D84548D7-A8CE-3CC7-852E-1A67EF7937F7',67),('D8FF8171-7166-24CA-3936-576581686158',41),('D938FE61-B342-04B6-78A7-C9FA57B590AA',37),('D95F1CB4-2844-66D2-3958-E4E6EFC36A75',47),('D9B3BB97-CA11-FBC7-90A1-A948B599A3C8',7),('D9B9435F-D55B-BA72-4E66-D8A9E3DC62C0',61),('DA247F32-9723-9BB6-B770-BC39C252CE15',7),('DA7A5D76-448A-678E-4836-465C8B963F4E',83),('DAB2D839-5B54-901B-6651-995911BFAEEA',17),('DAE50B38-3526-4AAF-71DB-4B45D29EB26A',13),('DB49DD45-6B1E-A151-5881-BDE2DC2965C0',73),('DB503576-8093-1D85-37D6-3439B577AD73',5),('DC1885DA-2644-8623-0C0D-67AB5D8AB223',73),('DC5ABC81-6D3F-E8CF-29A9-CC136D6EADB8',73),('DD3945B9-8D77-14B9-C237-5B41A62ABDAC',43),('DD4011AE-136E-9F62-EEA0-3E0D088E4455',59),('DD760F36-BB02-83DC-69A9-E24D736E30D1',53),('DD9B60B0-D1BC-F993-4DE8-5A247ADCD734',2),('DE182E71-1C46-2EB8-A27F-2167D2D3B5D6',73),('DE55E734-9DA5-0725-EB1A-3CEB5517D4EB',23),('DE684792-5DEE-5E12-D0B5-C5661D48F42A',59),('DF588D4E-F11B-CDA9-0C85-49127C7F4D01',23),('DFEC1C7F-38E1-2AAC-ACD9-7985DB48C31D',13),('E13D8D35-982C-927A-7CBC-ED425AED80F9',47),('E147E181-2D6F-E466-AE2A-D2719EE19DDF',43),('E1880EA8-64B2-9C7C-E626-D159343555D8',47),('E18C0E42-B95F-11EC-4A78-4EECBF79E8B6',43),('E1A3E48E-E1B4-1E36-FE2F-C4E5A3743779',23),('E1DEA6A2-4E2A-C572-3E58-CBCBEAED2A99',47),('E2C94327-62EE-9EF1-4D62-B861858AC425',13),('E2CCE289-2008-C783-997D-88991918CB38',89),('E2DB8D98-9328-ACDA-39A3-802C7BB36D34',67),('E2DEC4AA-E02F-8829-DE30-795881675C52',59),('E308729C-4A62-08C9-45C6-58C9479D4626',89),('E38DC6C5-1EE2-602D-2EA2-D2F39C771CDE',67),('E3911BE6-151C-5FD7-C730-7F69B7841C7B',11),('E3E941D3-0866-2E6F-85D7-A2F21E79A215',7),('E4794E32-196A-C67D-8759-18821CE66CE2',43),('E4F6CCEB-CBC0-67F9-D8FA-84417070C642',53),('E5078B1B-9591-E204-CC0A-E14C4EC74EAB',17),('E55E6DBD-788D-DC86-967E-228632CFD313',13),('E6439B1C-C8F4-15B5-36ED-718482226631',83),('E6512B38-3AB7-7128-77D9-0C38641CD951',7),('E658A8A9-3C3A-3D50-6F5C-2BA9F41DB491',2),('E68665E5-5CB3-3325-9AE2-24B1E11353D2',13),('E6873589-5339-4189-E984-9F4B54C844A4',37),('E69AA81E-A9BE-5A34-1804-E349A1A76C26',61),('E69C6E04-0063-3E7C-0676-D1AFC1536B5C',29),('E6E14C3A-1AE7-7B62-57D8-16A6F19C995F',97),('E73908A2-5945-D5E9-AEC7-2C460A488864',23),('E7756387-9D45-B1B5-D351-B1BFB64C485C',47),('E8063254-0D54-D3C6-B339-78456C984528',5),('E8954683-8BAA-B66B-C641-5695425586DC',47),('E8A862CE-AC8B-A489-620C-DDD7FEB16AA2',1),('E95B26BA-2466-6ECB-81D4-57CB6225AB78',3),('EA06C211-5A86-C9A8-7CA3-C84D266D4B62',13),('EA2C3281-C9C1-A387-44F8-729FB4B51C76',59),('EA41A50E-27D6-3612-788C-AD736D4EF523',2),('EA69485B-09A2-6170-73C4-65AFE5B71F4F',7),('EAC77318-72E4-51E3-AB5A-9BCCBA39C8F2',61),('EAD89828-65AA-E817-F946-E7365972D94E',53),('EAD9435C-77C0-3D84-D9A9-BF535EDABE7A',11),('EAE19DC1-C847-6D79-673D-00E7696AC336',1),('EB142E61-B4EC-3423-4FE9-6FB2151A3DB5',67),('EB46D6A6-0851-FA55-1292-DB04B2684794',5),('EC243849-3D95-A5B3-29B4-6F8AA1A5B999',23),('EC8D77B4-5570-7DC6-3DE9-E46A861A7479',89),('ECA2BD28-2B62-921A-A912-E68C2806C27E',79),('ED1CFB7D-E626-CE54-57A1-A036778B5E1F',59),('ED9CCFC6-33C8-D6A9-731F-B762DFF1659E',71),('EDC458E3-6E51-2D30-5CD6-838D10959BA5',13),('EE2D8157-D63E-6A91-A363-9CF68B530AD3',41),('EE8ED5A8-CEC8-9387-524C-A911BB473C1F',19),('EEAAE515-66B6-B449-5926-54D397988AD9',43),('EF9E08A9-457D-D7C1-41E4-059B31C35CEC',61),('EFEECC2E-2A69-AB33-D599-E82AA689E3B3',71),('F1A598A2-86C5-50A9-F1CE-FB1D69866C39',79),('F22BB361-E3CD-BC41-DD6A-A4694F175CD8',23),('F233E386-5A74-63B3-8111-09FC9BA38011',53),('F28E106B-5418-4667-9514-2E2A823ECC65',79),('F2B3E645-2E6D-E891-9D05-33DBACE58DE4',89),('F4BCAE41-3B8E-EA8D-9C24-466F7CEB9F9A',31),('F55B3CE1-3379-E0BF-5AB9-6F4CC2C5479C',37),('F56FCA4A-0039-9F64-7376-85632B91121B',79),('F5ACD74B-4275-5AA1-2414-6EF417636B98',1),('F843DC08-CCB5-2444-1B4E-5966289FBA8B',7),('F85A7D75-2778-9D75-D776-3F41A828DE88',23),('FA053936-75D8-85FA-490D-9B624E1B920A',37),('FAAD3FFC-1A17-E141-43D3-359A5BA7CB3B',2),('FAC76A80-8448-69AA-E892-426C2F12621C',79),('FBD7E0D6-BA6B-F5BC-0CA9-EA4B8760100C',97),('FCE2AB9A-271D-2BDC-9E49-8DD92A373391',59),('FD2E8957-414B-BEEC-E9AD-59AA7A8A6290',83),('FD89D51B-AE8D-77DC-E450-B8083FBD3187',3),('FD9CBCCD-8E1E-8DA1-4606-7E3A6F3A5A65',37),('FE809ED4-2DB6-55AC-C915-929516E4646B',23),('FE96CE47-BD59-381C-4E18-E3CA3D44E8FF',3),('02C6201E-D90A-1859-B4EE-88D2986D3B02',1),('0466A42E-47CF-8D24-FD01-C0B689713128',97),('063FBA79-99EC-66FB-29F7-25726D1764A5',67),('0668296C-CDB9-A883-76BC-2E4C44F8C8AE',83),('06CD9AA5-9B42-D684-DDDD-A5E394FEBA99',31),('07A46D48-31A3-7E87-65B9-0DA902AD109F',23),('09DE92CE-6F27-2BB7-13B5-9385B2B3B8E2',7),('0A476ED9-0C13-1962-F87B-D3563924B539',41),('0BEB80B7-9D66-1707-CE4B-9DC7E71914B5',41),('0C7C3A33-9947-3BC1-846D-7BE3D0D17598',31),('0CE957A6-CCAA-2B7A-6839-8A4B1B324853',43),('0DD2E608-5C9E-D1B3-4999-B99F43AD735A',47),('1017AA59-3D5F-7A4C-1992-D151A8D1FA0A',13),('1026DA24-8929-31F1-8250-D7BAB05C13D2',11),('10A9B07A-810C-76EB-4D15-12C6CC128037',83),('122DC333-E19F-D629-DCD8-9C54CF1EBB9A',67),('135267BA-2E7D-957C-C42C-6450A2B3ED54',71),('13DCC69F-EA07-E52B-8309-D474C6281E80',29),('13FBB312-B283-7976-DA47-14DE5986218A',29),('1479B3D2-B7BA-C7BB-4CE3-8D7C2DE85ABB',41),('14CAE5B5-8FB1-3E4A-4C85-0EA4167534F4',13),('1517E8A8-8B44-A7C9-6691-692C27D0DC2C',43),('152598C2-029D-D684-4B66-91EDF393EBFF',97),('1575F87A-E37B-DADD-554C-A99D8E7162A6',83),('158A3ACB-541C-DBCC-65BD-6373CC67BF1C',41),('15CC4862-D13E-ED4B-941C-486484AFDFAD',89),('167DE938-B1C2-428D-FA3D-96A45CD41B22',37),('1717FD6B-ADAD-7082-A748-9112BE892CCC',5),('1742D72D-6EC3-1B42-A1B2-24AA75A6A14B',11),('1753A288-9FC1-52E6-5C39-A1FFB97B0D3A',13),('17561134-37A4-E316-2C3C-C5541EDAD761',2),('1788C881-EE67-9BAB-377A-4C78E772160B',2),('17B43AB2-DD7D-96C4-2C7D-1989F119A1CB',11),('1822A630-4B6E-DABC-2576-6EC107FA15C2',67),('18528B27-18B8-93DA-9B8C-31635C536DA4',31),('185C9F2C-67A2-8EC0-0BB6-93789CC59F05',53),('186F53DE-DE27-B1FE-B82F-15B61CEB7726',37),('18B2472B-DA8B-36F7-B0F2-7DDA688B73D1',23),('18C4E2DD-1E4C-F35E-2198-C660BD81DC25',53),('18CCBA7C-ABC1-813D-FAF3-4BAB97429368',97),('1998A483-B4CD-FAE6-745C-8F2F2EB77A8E',67),('19E1EC3E-2119-1EFD-8AAE-5930D4A4E63F',11),('1A1279B1-B393-3EE4-6A2E-6D8F1256A49D',79),('1A6CECFB-2E3A-65A3-72D9-2FDB58A1E4BA',23),('1A9B5411-64D8-DEC4-AC74-43E235AAEFC1',67),('1B117D49-936C-BA6C-E94B-30C3293AA239',83),('1BC3AC28-04FB-7015-D93A-422C9A68528D',23),('1C3B3CC4-B919-7616-6A57-EEBDD7B7B68B',67),('1C9EE7A2-EA73-9E54-DAC7-D08632543C68',5),('1D03001C-97EC-77F6-6E7E-8E2CAC237EA4',53),('1DE927AB-29A8-654F-3372-43971B6844AA',79),('1EA2B262-D507-AD14-4374-4D532967113F',31),('1ED7A10C-3D78-18C5-483D-8FFE72CB8D58',43),('20418DE5-B804-BE9B-BD7A-A95C1BFDBF5C',13),('2075B12D-69AB-7022-57BB-33ED49B72766',19),('2139A647-D965-AA81-3915-55DADA16CD3F',71),('22C9EC22-45FC-72C8-63CE-5FA99A24E770',97),('232D9E61-96EC-4D47-8191-A815D5EE89FE',79),('239B8576-6C0E-137A-C2F6-3180A188A2D3',53),('23CF8ED3-402C-7C54-59CD-DB505C5CCCCE',67),('241827A6-E87C-6DA3-5AC9-BBCFD42B7D2A',83),('2449E458-D672-3152-B598-FE959AC3AEB6',71),('2585891B-C4C7-075E-358B-B575339E5177',19),('263035AA-8758-E413-8CC4-6D8F81BBF899',31),('2660D3B8-0B2C-AEBA-A891-95433968CF71',17),('267C4A86-7BA7-1C5E-0718-2824983C87DD',47),('26D8A738-B651-A620-1EEA-D8E2CD353BEB',17),('276AB37B-1B03-234B-1DA0-88FF91175221',97),('2899837A-45A3-D3B1-0D03-8B33B867DF9B',41),('2A37F5B3-11D8-3BA4-6E94-B7407D91942C',59),('2A5A3001-104F-1D1F-7852-5BA801869B6F',1),('2B20375D-A316-8471-E83E-41EC79B7A88D',89),('2B928E1C-EC14-A760-0A75-871477649D6A',13),('2EA96879-F291-A5B2-BDC8-EDEAFD054661',71),('2EBE1D7D-9D97-9E4D-E758-2CDB994497A5',53),('2F3B6AB6-147D-EB0B-FE8D-9A4E2EA9DBD5',37),('2F74E99B-9337-7F74-5208-5DEC81A174FD',47),('310B8BF9-A441-1470-EDEF-417B7EF2B169',31),('3142C93E-B3B7-49E4-EE2D-29CA834B198D',43),('32A9BDCA-1390-2BE1-82C8-AD514E38A203',2),('331A8A52-52D4-D323-0388-1A97C982E441',19),('34368DE0-D181-1B5C-6698-8DF585C06421',11),('3461A2B4-8BEE-3797-ACA4-1DA3E64AC243',5),('34AA1D64-2989-DE1C-8705-C66C8DDB19DD',97),('3578688E-7B1D-B887-3BC7-20B8673AA31E',13),('357BB633-3C33-A9D3-B8CD-9DDE75951893',7),('35DE2442-5AEB-9C73-E8DE-BC31DEA8C4DE',1),('35F284A2-5028-6DB8-A631-78B7981716C2',67),('360C7814-F7AF-B43A-0946-AB38D2683C86',19),('369213C7-BD65-0715-6644-D5E4F9BD9914',19),('36AD59C1-944F-C355-8358-B83A446F3272',67),('370F6D3D-CB63-7335-8B43-15C876E2843B',23),('37C2603F-412A-E0E9-DEB7-BE2982B5CE0D',31),('391E1CFD-D653-E45B-A729-F2EB93247B58',61),('39C889EA-B158-242A-0B79-E28E8B3A2342',53),('3A3B4A86-14FC-D9B3-164A-21542B509E1D',73),('3A3E00C1-C191-02EF-AD8E-42C9DA644E4A',2),('3A4D2D8C-AC59-C2D2-2C36-EAAD62B32B26',79),('3AA66E6B-D2C4-CC71-6BF5-889E44A3D8D9',31),('3B2D4464-1E9E-D3AE-D837-6E14C69B7BC8',2),('3C4D7C2A-A402-B941-625A-D64CA53526E8',17),('3C612673-2DD7-43C4-87CA-F90DE2E1372E',37),('3D4B5BDD-C674-13F6-B132-09D180277BC9',31),('3DBC2D2E-1885-9D8A-3476-61E6865183AE',29),('3DED9D58-D22A-2B11-C662-183011AE51F4',1),('3E18E43B-892B-F520-6B38-3A177E27BD19',43),('3E495EC1-E1C5-26F1-0E3E-2D13EAA2593A',97),('3EB67ADC-B4F1-83C4-93E2-E8469D1A37F6',89),('3ED634C2-01CA-D6E9-2DBD-24B53A7912F7',23),('3FEC4131-9BED-2EA6-1776-82674C80DDBB',17),('414D51E1-B793-49F5-B593-795429B4E258',67),('41A2942C-D6E1-B164-2A45-D7ED17237A3A',43),('41C13F08-471E-D475-3E14-760DF3F79B42',19),('41EC591D-808E-D85C-F05F-08BC3DE7A618',11),('4217E857-1D51-5D25-B645-EC24D23C8759',83),('4236493E-3596-5E19-4768-2195A5D17CC0',67),('439F4F6A-57C7-3A59-6038-AD7133887522',17),('43CDD853-0EC5-439D-8A4E-0D811A4A83BD',67),('442713DA-4BE6-132A-51B8-AC44EA6D5839',17),('44ED47D3-5B2D-2D7C-44C8-8B258DF3773C',41),('450ADB51-22CC-B21C-7985-6F34366BE126',29),('45119B5D-1D54-E623-3C41-3EE30B21A04D',61),('45CA3E45-6B42-CAC4-7683-EBB69D523B3E',89),('467CC274-71A7-51F4-B58A-A77AADD25833',1),('4832166E-E11C-BBC3-41DB-B8704686B7A3',83),('4915FB62-6A6C-9ACA-E92E-03D94E774161',43),('494D615C-793A-2D79-B0D7-872F4F822346',17),('4A0149B2-B1A1-D766-49A1-86BA9517EA07',47),('4ABE3D77-BF86-12D3-E1C5-22663D37C199',97),('4B74B94B-D123-7C7E-A9CE-7DA26F911F55',3),('4C978E50-CBB5-9B56-2BB5-BFE53636C719',31),('4D8E4891-1711-7D30-E4CB-645A8DF59A43',89),('4E562A2B-99E9-8C82-2340-B6623BC9FE2F',59),('4F311D6C-13DC-489A-E153-0E2C9C3C47BA',47),('518D6CCF-593A-8932-BE5B-44597DCDDFE9',11),('51A4866C-484C-5529-8419-B7BBAD4E294D',23),('51CEA9A2-56AD-C8C8-EBDB-6AF2B74433F3',79),('51DDB2CB-211E-C27A-24C1-239329CA17BF',41),('5218E51C-E258-BFA4-BE23-AF815F66FAF8',67),('52B1839C-D594-EB3D-4A72-730B1C8B08F4',59),('53398420-74DC-B969-5566-4A83B0DDD757',7),('5458A436-88C5-7CBD-CEB6-8A4545B12CCA',29),('55166D02-D74C-6A63-6C54-8678467649B4',89),('55B161FA-A6E4-7783-11A3-ABB8930198E3',83),('55B6A583-1E05-6B1F-BE39-36F44786BEFE',7),('5640D665-31C1-9BE7-A745-AAAED5D53F72',71),('598EA316-9623-BDA9-6D24-529A830AD995',19),('59C85B8E-4CE0-B66B-4B5D-3A557324E6A9',13),('5B0EEF86-B8A1-EFAA-5EE1-27E7DC8F54A4',19),('5B56159E-E3E6-2777-BC01-5659C2A69E96',41),('5B60F39F-96CC-8C8D-EA01-E658063A8181',89),('5BAD8B6D-41B2-E757-6396-88D687C6413A',41),('5C3A8A3D-8974-40A6-A8AF-C1F7AA6B7C94',31),('5CB0C889-D096-D327-ADE7-D111E1E6E2BC',41),('5DC8DC6C-24F8-36A6-4A1C-60E444EC331E',59),('5E47EB85-1F76-1853-839F-94FCF9A95700',11),('5E6EC264-1D42-EE1D-870A-497C85828A6A',29),('5E7BBA02-A5B6-C734-D7B7-241D674254A9',79),('5E948202-34BC-F107-29DC-306A2C491A87',31),('6118B3E9-D9D1-55D4-1A1B-A58CC63845B6',71),('615195B8-9983-A350-3DC7-A16B5135D68C',79),('61EC87A4-CF88-B392-F83B-75E7F2C93537',53),('62A399E3-0FDD-2E65-5A95-21D8C59C33DC',1),('632BBEE9-4725-E15C-7FC4-5B5D7EC5BD29',3),('634E63C6-C2D6-EC48-4CCF-6B4A60AAEEB7',1),('636C9DDA-453D-B336-FD2E-89A0E48E1C52',5),('644264C8-A268-C3C5-5929-958C49CBC926',1),('649EF79F-4A7E-BCE8-07EF-243030BE5787',47),('659112E3-A432-EF12-DCEE-947A81E53825',83),('65A7C3AC-FFFC-3495-95B1-52C38507E523',71),('65DB2765-E85D-2B74-2BDA-A8AEFD248928',11),('65F57592-B32E-1D2E-3466-57D7F1691D0D',73),('65F73281-0AC6-CE48-6667-1C8E66159728',37),('66179D5C-9B8D-5E13-9249-BDC1A35406FC',43),('663844BA-35BA-11C6-FDCD-598E898EEBE8',3),('66B35B95-C39C-684B-7BCD-CA45E2C7CD4E',47),('67692B94-E67F-0D25-59BF-D236BD9B4711',89),('683334BD-AA2A-0249-B1E8-2FB4CE44E908',43),('6964B59E-5B14-4E8E-88B6-D3D9A52E1418',3),('69775872-8509-62C6-FCBC-ECFB6D7D847F',53),('6987DFDB-C49A-A1C3-7236-4258332C794C',59),('69D90229-AD26-43C3-5AAF-8D332D3B3E62',29),('6A888487-255B-B546-907E-AC033DA2B841',17),('6AAA5BDC-C19A-82CC-EF22-70DEE21ACF9E',11),('6BB61B4B-EBD8-84AD-EED7-882D166A7A1E',59),('6CB65FA4-6A8E-0C33-BFB7-2E8E4A775E4B',11),('6CD4E674-30C5-7F82-7AE5-D8D48E62A684',89),('6D2CA59B-C6E7-3938-CA4D-3603D23647A9',29),('6D69D98A-F18A-99BD-BA86-E43C29FC5ECE',43),('6D891688-E9DE-C3CC-6AE0-B171C08A37D7',89),('6EECB866-887D-FC95-E094-45DB4943B515',79),('70152729-0350-F99C-D057-EF42857AA849',2),('70432CEF-BFC6-6827-037C-89013205B2C8',31),('7122EA62-2DD9-C622-23C1-B8B555EE5B77',11),('71983A22-79E9-4843-60EB-B935637FFAA4',3),('71CB87BE-F93E-4877-DF6D-1BD3B312ED29',59),('726E5247-EC79-A415-3409-16A666404C6A',61),('72997E96-DC2C-A4D7-7C24-66C302F8AE5A',41),('72C62199-C17C-9E1F-8AD7-247B81D6D758',19),('73A71CC9-4812-F2BF-4561-3B248FC6E806',79),('743280CC-B786-23A5-5E18-15B5E1A9CB01',41),('748C9977-7E2E-A4EC-B272-C686D159D59B',59),('7545D580-8332-0024-92F2-6AB47E5C205E',2),('75685049-7F29-3D74-733E-571854E7C521',71),('75DB5267-8C65-77D2-26BA-F5F3BD39C874',79),('760EEFBC-3E63-3111-613B-ACC61E1B5136',7),('7622460B-29BE-594C-8D14-D73DEAD91B94',37),('770ECE34-EC9D-34AE-8A96-A8E5749AA037',97),('77B044E8-522C-7870-18E7-B4458BD7EC90',47),('79AEE4AA-8CFA-14A0-53C5-C2143C2A22E7',59),('79B621A9-3FAA-41E4-2845-3DE6532C743D',37),('79F26AC9-5EEE-1AF1-444A-3A012EDD45EF',5),('7A0BCF99-A8ED-A7C7-2828-CD30FDC44297',61),('7BA8EED9-5129-BC22-1BBC-1E832192D5C4',61),('7D0819EC-7363-6767-36C0-97C7E77D5E65',79),('7D2C6E68-5951-C198-A567-75D465E7CDD0',2),('7DC26247-20EC-53FE-E555-B6C2E55CA5D5',41),('7DDED3A7-4845-57C5-8152-30D7376C10DF',5),('7E6B501B-AD98-1B8B-E7A2-8659C886DBC4',59),('7E9C9286-F32B-3CA5-68A3-4A841E3A8311',31),('7EB174C8-192F-1A8D-2F7A-EF688EB5B597',53),('8028392D-6B8B-C3A3-4E16-E86603AD4204',43),('802BBC0F-2B3E-0F18-258E-D687B9DDB776',71),('82406B7B-C498-4FF2-517A-F9A9E3BABF41',2),('83A1AA60-721D-6CB6-9857-E794C6EACDF8',79),('83A757C6-A262-AECA-6AC3-5FBA32AB7329',13),('83E6BA9E-E737-37D0-5385-585F1B8A318B',1),('842B6344-B4A2-050D-AA31-9A80432A7E37',29),('8432397E-BCE5-EC1D-67E3-E0F92EDB1777',61),('8438C66C-4964-D73D-6839-24F2CDAA5828',1),('84B8ECA6-A786-91C0-C973-8B730565BFA3',71),('85068503-9D65-6978-D3C4-8E4A8A1B9A3C',7),('85362E53-765A-FFD1-585C-18DA6D644B38',61),('85390F4A-9A61-3352-7EE3-ABDA9EDC7C55',2),('85C562AB-DC50-8E93-3D86-47B1B751A851',67),('8626BAB9-6D87-C136-8E8E-61D3F2FACEA6',83),('8655F767-78E6-733A-37B9-210CC3D1D4A9',67),('86AA189F-711F-E754-96B9-EB84B2305782',37),('87076D11-12E5-5E88-342E-BEDBF6EB1DED',71),('8719DE73-B4B6-3B52-29CE-15B666A73AF6',43),('873581C1-A079-1277-694F-4E735E854AC9',47),('8768FDE2-A231-B916-8644-F7DCD13CAFC2',71),('8789DBFB-7C15-7855-8EB3-AF865244277E',7),('8796C289-D355-1A10-3CD5-ADF327D4642A',83),('88A74E4E-D317-3F69-86A2-57849C548E71',59),('88A92E6E-863C-A9AA-D832-B46BF23597CE',2),('89A34935-2145-B045-3ED0-1FFAB39DDA32',1),('8A515ABB-2FED-22CC-CD25-9493530D2EB4',47),('8BCE9908-6D44-B7DB-D363-D468A2DF3A25',67),('8C5C40B3-3988-EE44-126E-18147A9E62D2',11),('8D5C52B9-42BE-480C-359E-CE36E1916D19',13),('8D895ADD-5501-2A9C-24DD-2EAEB7AEF1C5',43),('8EECB926-0A27-9A3A-D0A8-B8FDBC0F8A75',37),('8F54691C-221E-BB4E-4954-5373EE2C959E',43),('91C71934-D65D-B4A1-0D5E-670A47DAC93C',47),('9281A912-BC56-8905-9279-FC8BDE2185F6',19),('92DCEDD9-46E7-9792-FA05-9B193E926C8B',29),('935EBFEE-B75C-6C68-4AC3-61351035C549',61),('943113EA-A763-9D81-0594-37159E119857',17),('9679E769-32DC-2591-B893-B4AA2D84E332',13),('96EA5722-F3D4-FA2A-AC8C-865A5A72DBB5',79),('971B44E4-D8B9-4553-163B-E41EB6A0637E',73),('97A22779-F07C-91C1-2331-BCBAD44EBA4B',23),('981D2677-9924-A1A0-8A23-2AE7E988A7B7',17),('9833DD1C-702C-A8A7-FBA6-ABCA470DF7BE',97),('9A58B3E0-1E27-94E2-6487-9A63F07BC833',97),('9A993DCE-716B-D784-9192-285C2A490AE8',11),('9AB66BAE-D007-3BD8-C34B-93C854E6715C',3),('9B6B74E4-92EC-1E1B-908B-3C611E43611D',71),('9B7D1DBC-1A36-4DBA-BB0F-CD7616DE3C4B',53),('9B9F8626-8BA7-45E2-CE6D-CD16D0ED80E4',67),('9BC43721-DD11-4539-AA84-D544F911251E',19),('9C11DE85-F985-D119-4664-15D448C5E913',29),('9C4B45E7-C159-18E5-DB43-9D6F897775D4',1),('9CB62BC2-FFA6-449F-59E4-379EDA5F29C6',61),('9D38BED9-558B-EF5A-E4B3-C9668587A15B',2),('9DED76AE-FE36-ACC3-7377-AE98A6D95247',61),('9E97F534-962D-5B43-9AAA-24533FB7EDBD',3),('9EE639A3-2836-87C2-207F-AF3941834DB2',7),('9FBB3D61-D3C2-E5BB-4BC3-6CC83C718D34',17),('A02DC5D8-F7C6-EAE3-C038-32488538F6BD',61),('A095D2D2-BE1A-6673-3369-5951992C967B',71),('A11EE195-49D1-4B36-28B2-47DD1541A2D4',71),('A143CEC3-5F73-4A92-BBEC-48125E1A9C17',41),('A14C4361-9AC9-A3E7-7B1B-73BA6A3D23D7',2),('A1701A12-426C-3632-A533-974AD887466A',19),('A1AACB02-187B-2BD6-6181-B215A93B1B39',13),('A1ABDB2E-4E96-3D0D-2E4C-B19425290943',1),('A2689A2C-722B-9357-886D-2DDA864E246D',23),('A2CD7827-4C8D-9E71-8549-262833307BF1',97),('A31B0B35-6658-6805-353E-88479B3E4FD7',1),('A324A47C-7E94-548E-E352-7BD8671E41B3',3),('A38992C3-9B3D-C35C-3AC8-477132B4904D',2),('A4534186-6CA4-E81C-26E1-896861685ED9',29),('A483C535-9E4F-6D72-D568-B496DAB0DE56',73),('A4848E54-0F7C-7164-6C3F-631F96747C52',71),('A4D0D84F-4622-BB83-E6B6-51E545D4A217',71),('A518C6E6-C671-53D0-FD31-929866A32E35',11),('A6240105-79C6-DD54-28A1-0164B6CE6767',67),('A6EBADAE-2E18-2FD5-0359-C3C2BBDBAB04',2),('A84B14A2-2964-EFDE-A234-52B8BCAD87B7',89),('A8748759-CE49-BEDD-D5B3-EB5B3C38A2A5',67),('A89CF3B1-ABAB-63E4-220B-3549EB570544',73),('A89D4669-57D3-2ED8-5E49-BDC1293B0BBB',97),('A8B58331-8394-8277-4654-F95887136692',11),('A8E203DA-9A20-2DA7-29E3-D8559BBECC95',83),('A9225721-1D92-9A16-A4B4-751134C5E702',79),('A92944E6-9C59-141E-3F91-66B3C9EDCC31',29),('A993ECC6-B915-5796-8B2A-8191DF52588E',17),('AA1C1C48-FF62-DE8E-AF15-B183B5BD166D',17),('AA6CA954-0AF1-D69E-6BEF-6B5B168C1A82',83),('AB069F53-965E-A2A8-CE06-CA8C4FD92501',13),('ABB45963-34C7-8C51-4A76-CCD0DD05F548',23),('ABCD2C8D-21D8-2EBB-5A47-E0D7E7A5D64E',43),('AC777376-9329-BE65-285C-505D7C83A262',97),('ACD2011A-A2B1-C365-41E1-2AB00C65147A',83),('AD85A78A-8829-5746-93A0-8B7A792EBC18',3),('AE7467A8-B8F4-6E7B-D41D-C426E4F16B75',3),('AF4491D0-A15D-BAAC-4D0B-42B3F645632B',79),('AFE3C197-0B9C-985B-D146-571CD7BEF7FB',47),('B03C0BC7-28F4-D474-8928-523B19A93E7C',59),('B1ED4136-DA1A-6BF3-4C61-7A575F624670',71),('B2C86E4D-8267-F19E-171E-FA48BA22C973',11),('B31AC3BB-1529-B0CE-C385-41CDFF671921',17),('B3CE84BA-2A5C-226C-749F-ECCDF91F19CE',1),('B3E58105-C56C-816E-C133-8F2D7940B0E4',79),('B4793303-EDF5-4F53-39CB-AA6A2877CDF9',79),('B4E1213B-8B35-9D9A-DD7D-93EBC7BCD7FF',17),('B53165B9-7C93-0783-641C-5EA94E4C8683',53),('B57F59CF-8350-864C-ECD4-652F5E7882FD',73),('B5C49D11-1D34-4B90-209F-803CBA1CE91F',67),('B62D17A8-456A-A5B2-88DB-25314036778E',3),('B6B96082-ECDB-22C1-C413-6E14E8078EC6',83),('B6E5AB03-1D98-EE7D-108D-E0A2965AB147',37),('B6F30493-40C3-5391-8A92-5217B10C391A',17),('B86A5793-A474-8B73-EB69-63FDD4809AC4',53),('B8DD4087-8749-D9A1-4E81-C28FBFD76C94',13),('B9D1E653-C396-DBE8-09E6-D754A877104E',37),('BA1BE1BA-AAC8-FD6C-3C74-A77E375AE85D',7),('BA338D01-C4D1-6F43-DDF8-5EC8C8B8384B',97),('BA91684D-74AA-3BB6-148B-346B6EAD1937',1),('BABBBE60-3709-7C4A-B5E1-74CB260A93EA',2),('BB611D65-521D-E30F-94C8-1CD1EDE9CC28',7),('BC2B9A38-77B4-28CD-1FE8-14DED863E773',47),('BC9E5393-485B-418E-6E9C-CB454E934224',31),('BCCE274A-5F25-CF12-1566-492ED48D8211',11),('BCD57868-7187-DB86-BAE1-EB3E6EEC3B48',83),('BD41DCE3-9AD6-D311-63A8-4B7488584F8A',59),('BD440E6D-FC5B-A13F-251E-B745CEB24F04',47),('BEBBC256-9696-1AAB-2C73-D2F3775301A9',53),('BEC27123-5319-528A-52CB-33933AEC1724',59),('BED35659-8521-645B-95C5-F58B732FA6C0',53),('BF0BA28B-355D-412E-089C-B152516DC965',61),('BF10E3BA-63C3-FAC2-BAE8-D82186EC7A9A',67),('C0343DE8-E34C-4532-BE22-2F2E6BD34D73',13),('C0B1ABC1-0C03-5C27-977E-A5EC13EED863',1),('C0B617A7-A5B1-AF49-C9A2-8112974C4957',17),('C0E79971-4E7D-C876-ABE5-5402A7162951',17),('C1A3EAD1-4BB7-343E-9542-DCB248FA39CE',5),('C1DCC32D-E42A-F2D6-17AD-FF4A639A9B5A',1),('C2248CED-C28E-6A93-6AF4-C33CF738471B',2),('C367DD1C-B8F0-5870-E9CF-9ED298A60A6E',97),('C40174D7-1EBC-29B2-2F70-53236CA24369',83),('C56D5792-57D2-19E4-A43D-80D362E62879',47),('C65220DF-35E3-CC92-34D5-E9469AB61042',2),('C65A7836-4EC2-7C17-E22C-04D8D54A5B1A',5),('C9185110-96F7-193C-D4B4-D1086A63744A',89),('C9BD3AC8-CEEE-D5CD-1338-6375C2F1E69C',79),('CA264293-D392-1E21-1BCA-16CEA88D875A',61),('CAAD217C-D2CC-C0D3-7D3A-95D6A32383EB',67),('CAD3A46C-AA37-967D-A1BA-5C490488D9AC',97),('CBEB6D56-317E-1FA2-55D1-31B5C769C6C7',23),('CC77BEEC-E348-8BC9-BE81-46F75404E183',37),('CDB26CD6-B89A-8EDD-E1BE-A332460535C7',13),('CDCDE7A5-39CD-9ABD-59D5-71641582C825',13),('CDF1E4E5-1A4D-54CD-8734-D48AC4C3E5E6',43),('CEBC8755-77B1-722D-A899-E86B58B837BC',67),('CEED5D49-B28F-49A6-E967-9E7F74864190',71),('D1389977-A7AD-1B56-1DE4-E2E94741D40C',5),('D1573887-B075-C061-BEE5-FDEB8AC7B74F',37),('D1B245BE-2D26-CA7D-C357-027A6D27A0A1',67),('D271975D-77F6-485C-4E2D-C43DA27AB787',59),('D2BA2DBB-ED84-B809-6198-E8461BE35646',3),('D33B21EB-A61E-BD8C-5DE7-1DA4AC210AE6',13),('D3831AE1-A50D-1541-AF7B-EE75529F278A',67),('D3C579AE-FA77-6234-9843-6DA39D6E329D',1),('D52157FC-58FC-68E6-91D4-CCB11178F8AC',1),('D5DA371A-BD48-CFD9-37FC-A5CA45B97B5D',53),('D5E51BD3-4284-8097-8887-4A656C3992A8',23),('D616D488-341E-C82E-5137-12B8B0E79C77',73),('D6419ECE-BE11-7DFE-DEC7-1A2E695B19EB',83),('D662DF87-90B7-8C73-CD48-FA68399392C9',29),('D69CE9B1-EA51-56DE-7A5A-496B1F63D112',43),('D6EB93C6-5733-84C8-FDD6-57BA4136E528',11),('D6F37D7A-A07E-01AA-DE27-476C89D26A8E',13),('D79CC16C-F4B6-2F15-14EE-50EDF35899A1',73),('D7F7744C-39EA-B921-E945-40E135484B4C',13),('D84548D7-A8CE-3CC7-852E-1A67EF7937F7',71),('D8FF8171-7166-24CA-3936-576581686158',83),('D938FE61-B342-04B6-78A7-C9FA57B590AA',23),('D95F1CB4-2844-66D2-3958-E4E6EFC36A75',89),('D9B3BB97-CA11-FBC7-90A1-A948B599A3C8',19),('D9B9435F-D55B-BA72-4E66-D8A9E3DC62C0',43),('DA247F32-9723-9BB6-B770-BC39C252CE15',2),('DAE50B38-3526-4AAF-71DB-4B45D29EB26A',5),('DB49DD45-6B1E-A151-5881-BDE2DC2965C0',41),('DB503576-8093-1D85-37D6-3439B577AD73',43),('DC1885DA-2644-8623-0C0D-67AB5D8AB223',17),('DC5ABC81-6D3F-E8CF-29A9-CC136D6EADB8',31),('DD4011AE-136E-9F62-EEA0-3E0D088E4455',2),('DD760F36-BB02-83DC-69A9-E24D736E30D1',23),('DD9B60B0-D1BC-F993-4DE8-5A247ADCD734',23),('DE182E71-1C46-2EB8-A27F-2167D2D3B5D6',13),('DF588D4E-F11B-CDA9-0C85-49127C7F4D01',47),('E13D8D35-982C-927A-7CBC-ED425AED80F9',53),('E147E181-2D6F-E466-AE2A-D2719EE19DDF',53),('E1880EA8-64B2-9C7C-E626-D159343555D8',71),('E18C0E42-B95F-11EC-4A78-4EECBF79E8B6',73),('E1A3E48E-E1B4-1E36-FE2F-C4E5A3743779',67),('E1DEA6A2-4E2A-C572-3E58-CBCBEAED2A99',97),('E2C94327-62EE-9EF1-4D62-B861858AC425',43),('E2CCE289-2008-C783-997D-88991918CB38',79),('E2DB8D98-9328-ACDA-39A3-802C7BB36D34',1),('E2DEC4AA-E02F-8829-DE30-795881675C52',5),('E308729C-4A62-08C9-45C6-58C9479D4626',1),('E38DC6C5-1EE2-602D-2EA2-D2F39C771CDE',17),('E3911BE6-151C-5FD7-C730-7F69B7841C7B',73),('E3E941D3-0866-2E6F-85D7-A2F21E79A215',31),('E4794E32-196A-C67D-8759-18821CE66CE2',5),('E5078B1B-9591-E204-CC0A-E14C4EC74EAB',73),('E55E6DBD-788D-DC86-967E-228632CFD313',41),('E6512B38-3AB7-7128-77D9-0C38641CD951',17),('E658A8A9-3C3A-3D50-6F5C-2BA9F41DB491',3),('E6873589-5339-4189-E984-9F4B54C844A4',29),('E69AA81E-A9BE-5A34-1804-E349A1A76C26',37),('E69C6E04-0063-3E7C-0676-D1AFC1536B5C',3),('E6E14C3A-1AE7-7B62-57D8-16A6F19C995F',1),('E7756387-9D45-B1B5-D351-B1BFB64C485C',79),('E8063254-0D54-D3C6-B339-78456C984528',79),('E8954683-8BAA-B66B-C641-5695425586DC',13),('E8A862CE-AC8B-A489-620C-DDD7FEB16AA2',47),('E95B26BA-2466-6ECB-81D4-57CB6225AB78',83),('EA06C211-5A86-C9A8-7CA3-C84D266D4B62',71),('EA2C3281-C9C1-A387-44F8-729FB4B51C76',79),('EA41A50E-27D6-3612-788C-AD736D4EF523',17),('EA69485B-09A2-6170-73C4-65AFE5B71F4F',83),('EAC77318-72E4-51E3-AB5A-9BCCBA39C8F2',53),('EAD89828-65AA-E817-F946-E7365972D94E',13),('EAD9435C-77C0-3D84-D9A9-BF535EDABE7A',67),('EB142E61-B4EC-3423-4FE9-6FB2151A3DB5',41),('EC243849-3D95-A5B3-29B4-6F8AA1A5B999',13),('EC8D77B4-5570-7DC6-3DE9-E46A861A7479',17),('ECA2BD28-2B62-921A-A912-E68C2806C27E',29),('ED1CFB7D-E626-CE54-57A1-A036778B5E1F',71),('ED9CCFC6-33C8-D6A9-731F-B762DFF1659E',23),('EDC458E3-6E51-2D30-5CD6-838D10959BA5',29),('EE2D8157-D63E-6A91-A363-9CF68B530AD3',1),('EEAAE515-66B6-B449-5926-54D397988AD9',59),('EFEECC2E-2A69-AB33-D599-E82AA689E3B3',53),('F1A598A2-86C5-50A9-F1CE-FB1D69866C39',73),('F22BB361-E3CD-BC41-DD6A-A4694F175CD8',53),('F233E386-5A74-63B3-8111-09FC9BA38011',11),('F28E106B-5418-4667-9514-2E2A823ECC65',47),('F2B3E645-2E6D-E891-9D05-33DBACE58DE4',19),('F4BCAE41-3B8E-EA8D-9C24-466F7CEB9F9A',61),('F56FCA4A-0039-9F64-7376-85632B91121B',23),('F5ACD74B-4275-5AA1-2414-6EF417636B98',97),('F843DC08-CCB5-2444-1B4E-5966289FBA8B',53),('F85A7D75-2778-9D75-D776-3F41A828DE88',97),('FA053936-75D8-85FA-490D-9B624E1B920A',5),('FAAD3FFC-1A17-E141-43D3-359A5BA7CB3B',13),('FAC76A80-8448-69AA-E892-426C2F12621C',41),('FBD7E0D6-BA6B-F5BC-0CA9-EA4B8760100C',83),('FCE2AB9A-271D-2BDC-9E49-8DD92A373391',5),('FD2E8957-414B-BEEC-E9AD-59AA7A8A6290',7),('FD89D51B-AE8D-77DC-E450-B8083FBD3187',2),('FE809ED4-2DB6-55AC-C915-929516E4646B',43),('02C6201E-D90A-1859-B4EE-88D2986D3B02',19),('0466A42E-47CF-8D24-FD01-C0B689713128',43),('063FBA79-99EC-66FB-29F7-25726D1764A5',31),('0668296C-CDB9-A883-76BC-2E4C44F8C8AE',79),('0A476ED9-0C13-1962-F87B-D3563924B539',11),('0BEB80B7-9D66-1707-CE4B-9DC7E71914B5',29),('0CE957A6-CCAA-2B7A-6839-8A4B1B324853',73),('0DD2E608-5C9E-D1B3-4999-B99F43AD735A',17),('1026DA24-8929-31F1-8250-D7BAB05C13D2',97),('122DC333-E19F-D629-DCD8-9C54CF1EBB9A',19),('13DCC69F-EA07-E52B-8309-D474C6281E80',23),('13FBB312-B283-7976-DA47-14DE5986218A',43),('1479B3D2-B7BA-C7BB-4CE3-8D7C2DE85ABB',59),('14CAE5B5-8FB1-3E4A-4C85-0EA4167534F4',53),('1575F87A-E37B-DADD-554C-A99D8E7162A6',37),('158A3ACB-541C-DBCC-65BD-6373CC67BF1C',89),('167DE938-B1C2-428D-FA3D-96A45CD41B22',2),('1742D72D-6EC3-1B42-A1B2-24AA75A6A14B',83),('1753A288-9FC1-52E6-5C39-A1FFB97B0D3A',89),('1788C881-EE67-9BAB-377A-4C78E772160B',79),('1822A630-4B6E-DABC-2576-6EC107FA15C2',97),('186F53DE-DE27-B1FE-B82F-15B61CEB7726',31),('18C4E2DD-1E4C-F35E-2198-C660BD81DC25',97),('18CCBA7C-ABC1-813D-FAF3-4BAB97429368',23),('1998A483-B4CD-FAE6-745C-8F2F2EB77A8E',47),('19E1EC3E-2119-1EFD-8AAE-5930D4A4E63F',5),('1A1279B1-B393-3EE4-6A2E-6D8F1256A49D',59),('1A6CECFB-2E3A-65A3-72D9-2FDB58A1E4BA',2),('1C3B3CC4-B919-7616-6A57-EEBDD7B7B68B',29),('1C9EE7A2-EA73-9E54-DAC7-D08632543C68',73),('1DE927AB-29A8-654F-3372-43971B6844AA',97),('1EA2B262-D507-AD14-4374-4D532967113F',1),('22C9EC22-45FC-72C8-63CE-5FA99A24E770',11),('239B8576-6C0E-137A-C2F6-3180A188A2D3',41),('23CF8ED3-402C-7C54-59CD-DB505C5CCCCE',1),('241827A6-E87C-6DA3-5AC9-BBCFD42B7D2A',3),('2449E458-D672-3152-B598-FE959AC3AEB6',41),('2585891B-C4C7-075E-358B-B575339E5177',53),('263035AA-8758-E413-8CC4-6D8F81BBF899',83),('2660D3B8-0B2C-AEBA-A891-95433968CF71',29),('267C4A86-7BA7-1C5E-0718-2824983C87DD',29),('26D8A738-B651-A620-1EEA-D8E2CD353BEB',7),('276AB37B-1B03-234B-1DA0-88FF91175221',61),('2899837A-45A3-D3B1-0D03-8B33B867DF9B',29),('2A5A3001-104F-1D1F-7852-5BA801869B6F',41),('2B20375D-A316-8471-E83E-41EC79B7A88D',3),('2B928E1C-EC14-A760-0A75-871477649D6A',23),('2EBE1D7D-9D97-9E4D-E758-2CDB994497A5',59),('2F3B6AB6-147D-EB0B-FE8D-9A4E2EA9DBD5',11),('2F74E99B-9337-7F74-5208-5DEC81A174FD',1),('310B8BF9-A441-1470-EDEF-417B7EF2B169',97),('331A8A52-52D4-D323-0388-1A97C982E441',5),('34AA1D64-2989-DE1C-8705-C66C8DDB19DD',37),('3578688E-7B1D-B887-3BC7-20B8673AA31E',2),('357BB633-3C33-A9D3-B8CD-9DDE75951893',97),('35DE2442-5AEB-9C73-E8DE-BC31DEA8C4DE',71),('35F284A2-5028-6DB8-A631-78B7981716C2',31),('360C7814-F7AF-B43A-0946-AB38D2683C86',79),('369213C7-BD65-0715-6644-D5E4F9BD9914',41),('3A3E00C1-C191-02EF-AD8E-42C9DA644E4A',67),('3AA66E6B-D2C4-CC71-6BF5-889E44A3D8D9',73),('3C612673-2DD7-43C4-87CA-F90DE2E1372E',3),('3D4B5BDD-C674-13F6-B132-09D180277BC9',19),('3DBC2D2E-1885-9D8A-3476-61E6865183AE',31),('3E18E43B-892B-F520-6B38-3A177E27BD19',13),('3E495EC1-E1C5-26F1-0E3E-2D13EAA2593A',17),('3ED634C2-01CA-D6E9-2DBD-24B53A7912F7',61),('3FEC4131-9BED-2EA6-1776-82674C80DDBB',83),('414D51E1-B793-49F5-B593-795429B4E258',23),('41EC591D-808E-D85C-F05F-08BC3DE7A618',19),('4217E857-1D51-5D25-B645-EC24D23C8759',67),('4236493E-3596-5E19-4768-2195A5D17CC0',13),('44ED47D3-5B2D-2D7C-44C8-8B258DF3773C',3),('450ADB51-22CC-B21C-7985-6F34366BE126',19),('467CC274-71A7-51F4-B58A-A77AADD25833',41),('494D615C-793A-2D79-B0D7-872F4F822346',13),('4ABE3D77-BF86-12D3-E1C5-22663D37C199',79),('4B74B94B-D123-7C7E-A9CE-7DA26F911F55',47),('4C978E50-CBB5-9B56-2BB5-BFE53636C719',47),('4D8E4891-1711-7D30-E4CB-645A8DF59A43',67),('4F311D6C-13DC-489A-E153-0E2C9C3C47BA',71),('51A4866C-484C-5529-8419-B7BBAD4E294D',37),('51CEA9A2-56AD-C8C8-EBDB-6AF2B74433F3',73),('51DDB2CB-211E-C27A-24C1-239329CA17BF',23),('5218E51C-E258-BFA4-BE23-AF815F66FAF8',97),('52B1839C-D594-EB3D-4A72-730B1C8B08F4',5),('5458A436-88C5-7CBD-CEB6-8A4545B12CCA',23),('55166D02-D74C-6A63-6C54-8678467649B4',83),('598EA316-9623-BDA9-6D24-529A830AD995',71),('59C85B8E-4CE0-B66B-4B5D-3A557324E6A9',37),('5B0EEF86-B8A1-EFAA-5EE1-27E7DC8F54A4',71),('5B56159E-E3E6-2777-BC01-5659C2A69E96',17),('5B60F39F-96CC-8C8D-EA01-E658063A8181',3),('5BAD8B6D-41B2-E757-6396-88D687C6413A',19),('5CB0C889-D096-D327-ADE7-D111E1E6E2BC',67),('5E47EB85-1F76-1853-839F-94FCF9A95700',61),('5E7BBA02-A5B6-C734-D7B7-241D674254A9',73),('615195B8-9983-A350-3DC7-A16B5135D68C',47),('62A399E3-0FDD-2E65-5A95-21D8C59C33DC',2),('65A7C3AC-FFFC-3495-95B1-52C38507E523',2),('65DB2765-E85D-2B74-2BDA-A8AEFD248928',71),('65F57592-B32E-1D2E-3466-57D7F1691D0D',7),('65F73281-0AC6-CE48-6667-1C8E66159728',89),('66B35B95-C39C-684B-7BCD-CA45E2C7CD4E',13),('6964B59E-5B14-4E8E-88B6-D3D9A52E1418',61),('69775872-8509-62C6-FCBC-ECFB6D7D847F',31),('6987DFDB-C49A-A1C3-7236-4258332C794C',43),('6A888487-255B-B546-907E-AC033DA2B841',83),('6AAA5BDC-C19A-82CC-EF22-70DEE21ACF9E',67),('6BB61B4B-EBD8-84AD-EED7-882D166A7A1E',61),('6CB65FA4-6A8E-0C33-BFB7-2E8E4A775E4B',97),('6CD4E674-30C5-7F82-7AE5-D8D48E62A684',17),('6D2CA59B-C6E7-3938-CA4D-3603D23647A9',59),('6D69D98A-F18A-99BD-BA86-E43C29FC5ECE',41),('6D891688-E9DE-C3CC-6AE0-B171C08A37D7',37),('6EECB866-887D-FC95-E094-45DB4943B515',23),('70432CEF-BFC6-6827-037C-89013205B2C8',3),('71983A22-79E9-4843-60EB-B935637FFAA4',17),('726E5247-EC79-A415-3409-16A666404C6A',1),('72997E96-DC2C-A4D7-7C24-66C302F8AE5A',3),('72C62199-C17C-9E1F-8AD7-247B81D6D758',1),('743280CC-B786-23A5-5E18-15B5E1A9CB01',13),('75DB5267-8C65-77D2-26BA-F5F3BD39C874',97),('760EEFBC-3E63-3111-613B-ACC61E1B5136',17),('7622460B-29BE-594C-8D14-D73DEAD91B94',7),('770ECE34-EC9D-34AE-8A96-A8E5749AA037',2),('77B044E8-522C-7870-18E7-B4458BD7EC90',29),('79AEE4AA-8CFA-14A0-53C5-C2143C2A22E7',53),('79B621A9-3FAA-41E4-2845-3DE6532C743D',43),('7D0819EC-7363-6767-36C0-97C7E77D5E65',67),('7D2C6E68-5951-C198-A567-75D465E7CDD0',5),('7DDED3A7-4845-57C5-8152-30D7376C10DF',2),('7E6B501B-AD98-1B8B-E7A2-8659C886DBC4',3),('7E9C9286-F32B-3CA5-68A3-4A841E3A8311',71),('7EB174C8-192F-1A8D-2F7A-EF688EB5B597',97),('8028392D-6B8B-C3A3-4E16-E86603AD4204',37),('82406B7B-C498-4FF2-517A-F9A9E3BABF41',7),('83A757C6-A262-AECA-6AC3-5FBA32AB7329',19),('83E6BA9E-E737-37D0-5385-585F1B8A318B',53),('842B6344-B4A2-050D-AA31-9A80432A7E37',67),('8432397E-BCE5-EC1D-67E3-E0F92EDB1777',23),('84B8ECA6-A786-91C0-C973-8B730565BFA3',17),('85068503-9D65-6978-D3C4-8E4A8A1B9A3C',47),('85362E53-765A-FFD1-585C-18DA6D644B38',5),('8626BAB9-6D87-C136-8E8E-61D3F2FACEA6',59),('8655F767-78E6-733A-37B9-210CC3D1D4A9',3),('86AA189F-711F-E754-96B9-EB84B2305782',61),('87076D11-12E5-5E88-342E-BEDBF6EB1DED',17),('8719DE73-B4B6-3B52-29CE-15B666A73AF6',1),('873581C1-A079-1277-694F-4E735E854AC9',53),('8768FDE2-A231-B916-8644-F7DCD13CAFC2',1),('8796C289-D355-1A10-3CD5-ADF327D4642A',23),('88A92E6E-863C-A9AA-D832-B46BF23597CE',31),('8A515ABB-2FED-22CC-CD25-9493530D2EB4',31),('8BCE9908-6D44-B7DB-D363-D468A2DF3A25',23),('8C5C40B3-3988-EE44-126E-18147A9E62D2',2),('8D5C52B9-42BE-480C-359E-CE36E1916D19',2),('8D895ADD-5501-2A9C-24DD-2EAEB7AEF1C5',1),('92DCEDD9-46E7-9792-FA05-9B193E926C8B',47),('943113EA-A763-9D81-0594-37159E119857',67),('971B44E4-D8B9-4553-163B-E41EB6A0637E',2),('97A22779-F07C-91C1-2331-BCBAD44EBA4B',61),('9833DD1C-702C-A8A7-FBA6-ABCA470DF7BE',17),('9A993DCE-716B-D784-9192-285C2A490AE8',23),('9AB66BAE-D007-3BD8-C34B-93C854E6715C',31),('9B6B74E4-92EC-1E1B-908B-3C611E43611D',2),('9B7D1DBC-1A36-4DBA-BB0F-CD7616DE3C4B',79),('9C11DE85-F985-D119-4664-15D448C5E913',13),('9C4B45E7-C159-18E5-DB43-9D6F897775D4',97),('9CB62BC2-FFA6-449F-59E4-379EDA5F29C6',71),('9D38BED9-558B-EF5A-E4B3-C9668587A15B',47),('9DED76AE-FE36-ACC3-7377-AE98A6D95247',73),('9E97F534-962D-5B43-9AAA-24533FB7EDBD',31),('A095D2D2-BE1A-6673-3369-5951992C967B',23),('A11EE195-49D1-4B36-28B2-47DD1541A2D4',61),('A143CEC3-5F73-4A92-BBEC-48125E1A9C17',11),('A14C4361-9AC9-A3E7-7B1B-73BA6A3D23D7',97),('A1701A12-426C-3632-A533-974AD887466A',29),('A1AACB02-187B-2BD6-6181-B215A93B1B39',2),('A1ABDB2E-4E96-3D0D-2E4C-B19425290943',67),('A2689A2C-722B-9357-886D-2DDA864E246D',13),('A2CD7827-4C8D-9E71-8549-262833307BF1',73),('A31B0B35-6658-6805-353E-88479B3E4FD7',61),('A324A47C-7E94-548E-E352-7BD8671E41B3',2),('A38992C3-9B3D-C35C-3AC8-477132B4904D',31),('A4848E54-0F7C-7164-6C3F-631F96747C52',31),('A4D0D84F-4622-BB83-E6B6-51E545D4A217',43),('A518C6E6-C671-53D0-FD31-929866A32E35',71),('A6240105-79C6-DD54-28A1-0164B6CE6767',53),('A6EBADAE-2E18-2FD5-0359-C3C2BBDBAB04',79),('A89D4669-57D3-2ED8-5E49-BDC1293B0BBB',47),('A8B58331-8394-8277-4654-F95887136692',3),('A8E203DA-9A20-2DA7-29E3-D8559BBECC95',17),('A993ECC6-B915-5796-8B2A-8191DF52588E',3),('AA1C1C48-FF62-DE8E-AF15-B183B5BD166D',3),('AB069F53-965E-A2A8-CE06-CA8C4FD92501',61),('ABB45963-34C7-8C51-4A76-CCD0DD05F548',43),('ABCD2C8D-21D8-2EBB-5A47-E0D7E7A5D64E',73),('AC777376-9329-BE65-285C-505D7C83A262',61),('AD85A78A-8829-5746-93A0-8B7A792EBC18',29),('AF4491D0-A15D-BAAC-4D0B-42B3F645632B',37),('AFE3C197-0B9C-985B-D146-571CD7BEF7FB',73),('B03C0BC7-28F4-D474-8928-523B19A93E7C',29),('B1ED4136-DA1A-6BF3-4C61-7A575F624670',29),('B3CE84BA-2A5C-226C-749F-ECCDF91F19CE',11),('B3E58105-C56C-816E-C133-8F2D7940B0E4',59),('B57F59CF-8350-864C-ECD4-652F5E7882FD',2),('B62D17A8-456A-A5B2-88DB-25314036778E',2),('B6E5AB03-1D98-EE7D-108D-E0A2965AB147',11),('B6F30493-40C3-5391-8A92-5217B10C391A',97),('B86A5793-A474-8B73-EB69-63FDD4809AC4',2),('B8DD4087-8749-D9A1-4E81-C28FBFD76C94',47),('BA338D01-C4D1-6F43-DDF8-5EC8C8B8384B',73),('BABBBE60-3709-7C4A-B5E1-74CB260A93EA',79),('BCCE274A-5F25-CF12-1566-492ED48D8211',2),('BD41DCE3-9AD6-D311-63A8-4B7488584F8A',79),('BD440E6D-FC5B-A13F-251E-B745CEB24F04',19),('BED35659-8521-645B-95C5-F58B732FA6C0',97),('BF0BA28B-355D-412E-089C-B152516DC965',23),('BF10E3BA-63C3-FAC2-BAE8-D82186EC7A9A',53),('C0343DE8-E34C-4532-BE22-2F2E6BD34D73',67),('C0B1ABC1-0C03-5C27-977E-A5EC13EED863',23),('C0B617A7-A5B1-AF49-C9A2-8112974C4957',73),('C0E79971-4E7D-C876-ABE5-5402A7162951',5),('C1DCC32D-E42A-F2D6-17AD-FF4A639A9B5A',47),('C40174D7-1EBC-29B2-2F70-53236CA24369',59),('C65A7836-4EC2-7C17-E22C-04D8D54A5B1A',83),('C9185110-96F7-193C-D4B4-D1086A63744A',23),('CA264293-D392-1E21-1BCA-16CEA88D875A',11),('CAAD217C-D2CC-C0D3-7D3A-95D6A32383EB',29),('CC77BEEC-E348-8BC9-BE81-46F75404E183',47),('CDB26CD6-B89A-8EDD-E1BE-A332460535C7',89),('CDCDE7A5-39CD-9ABD-59D5-71641582C825',67),('CDF1E4E5-1A4D-54CD-8734-D48AC4C3E5E6',31),('CEBC8755-77B1-722D-A899-E86B58B837BC',19),('CEED5D49-B28F-49A6-E967-9E7F74864190',41),('D1573887-B075-C061-BEE5-FDEB8AC7B74F',41),('D271975D-77F6-485C-4E2D-C43DA27AB787',2),('D33B21EB-A61E-BD8C-5DE7-1DA4AC210AE6',73),('D52157FC-58FC-68E6-91D4-CCB11178F8AC',29),('D616D488-341E-C82E-5137-12B8B0E79C77',41),('D662DF87-90B7-8C73-CD48-FA68399392C9',13),('D6F37D7A-A07E-01AA-DE27-476C89D26A8E',7),('D7F7744C-39EA-B921-E945-40E135484B4C',47),('D84548D7-A8CE-3CC7-852E-1A67EF7937F7',19),('D938FE61-B342-04B6-78A7-C9FA57B590AA',67),('DA247F32-9723-9BB6-B770-BC39C252CE15',1),('DB49DD45-6B1E-A151-5881-BDE2DC2965C0',19),('DD4011AE-136E-9F62-EEA0-3E0D088E4455',31),('DD760F36-BB02-83DC-69A9-E24D736E30D1',79),('DF588D4E-F11B-CDA9-0C85-49127C7F4D01',2),('E1880EA8-64B2-9C7C-E626-D159343555D8',23),('E1A3E48E-E1B4-1E36-FE2F-C4E5A3743779',37),('E2C94327-62EE-9EF1-4D62-B861858AC425',47),('E2CCE289-2008-C783-997D-88991918CB38',47),('E2DEC4AA-E02F-8829-DE30-795881675C52',43),('E38DC6C5-1EE2-602D-2EA2-D2F39C771CDE',83),('E3E941D3-0866-2E6F-85D7-A2F21E79A215',29),('E4794E32-196A-C67D-8759-18821CE66CE2',83),('E6512B38-3AB7-7128-77D9-0C38641CD951',19),('E69AA81E-A9BE-5A34-1804-E349A1A76C26',19),('E69C6E04-0063-3E7C-0676-D1AFC1536B5C',71),('E6E14C3A-1AE7-7B62-57D8-16A6F19C995F',7),('E7756387-9D45-B1B5-D351-B1BFB64C485C',41),('E8A862CE-AC8B-A489-620C-DDD7FEB16AA2',67),('EA06C211-5A86-C9A8-7CA3-C84D266D4B62',37),('EA2C3281-C9C1-A387-44F8-729FB4B51C76',37),('EA41A50E-27D6-3612-788C-AD736D4EF523',47),('EA69485B-09A2-6170-73C4-65AFE5B71F4F',59),('EAC77318-72E4-51E3-AB5A-9BCCBA39C8F2',1),('EAD89828-65AA-E817-F946-E7365972D94E',47),('EB142E61-B4EC-3423-4FE9-6FB2151A3DB5',89),('ED1CFB7D-E626-CE54-57A1-A036778B5E1F',73),('ED9CCFC6-33C8-D6A9-731F-B762DFF1659E',53),('EDC458E3-6E51-2D30-5CD6-838D10959BA5',59),('EEAAE515-66B6-B449-5926-54D397988AD9',11),('EFEECC2E-2A69-AB33-D599-E82AA689E3B3',67),('F22BB361-E3CD-BC41-DD6A-A4694F175CD8',79),('F233E386-5A74-63B3-8111-09FC9BA38011',37),('F28E106B-5418-4667-9514-2E2A823ECC65',97),('F2B3E645-2E6D-E891-9D05-33DBACE58DE4',29),('F56FCA4A-0039-9F64-7376-85632B91121B',71),('F5ACD74B-4275-5AA1-2414-6EF417636B98',3),('F843DC08-CCB5-2444-1B4E-5966289FBA8B',37),('F85A7D75-2778-9D75-D776-3F41A828DE88',31),('FAAD3FFC-1A17-E141-43D3-359A5BA7CB3B',5),('FAC76A80-8448-69AA-E892-426C2F12621C',7),('FBD7E0D6-BA6B-F5BC-0CA9-EA4B8760100C',29),('FCE2AB9A-271D-2BDC-9E49-8DD92A373391',41),('FD2E8957-414B-BEEC-E9AD-59AA7A8A6290',17),('FD89D51B-AE8D-77DC-E450-B8083FBD3187',73),('063FBA79-99EC-66FB-29F7-25726D1764A5',5),('0BEB80B7-9D66-1707-CE4B-9DC7E71914B5',3),('0CE957A6-CCAA-2B7A-6839-8A4B1B324853',61),('1026DA24-8929-31F1-8250-D7BAB05C13D2',79),('13FBB312-B283-7976-DA47-14DE5986218A',79),('14CAE5B5-8FB1-3E4A-4C85-0EA4167534F4',31),('158A3ACB-541C-DBCC-65BD-6373CC67BF1C',71),('1742D72D-6EC3-1B42-A1B2-24AA75A6A14B',67),('1753A288-9FC1-52E6-5C39-A1FFB97B0D3A',31),('18C4E2DD-1E4C-F35E-2198-C660BD81DC25',31),('18CCBA7C-ABC1-813D-FAF3-4BAB97429368',71),('1A6CECFB-2E3A-65A3-72D9-2FDB58A1E4BA',1),('1DE927AB-29A8-654F-3372-43971B6844AA',13),('22C9EC22-45FC-72C8-63CE-5FA99A24E770',13),('2449E458-D672-3152-B598-FE959AC3AEB6',5),('263035AA-8758-E413-8CC4-6D8F81BBF899',29),('2660D3B8-0B2C-AEBA-A891-95433968CF71',61),('267C4A86-7BA7-1C5E-0718-2824983C87DD',67),('2F3B6AB6-147D-EB0B-FE8D-9A4E2EA9DBD5',1),('2F74E99B-9337-7F74-5208-5DEC81A174FD',43),('310B8BF9-A441-1470-EDEF-417B7EF2B169',5),('3AA66E6B-D2C4-CC71-6BF5-889E44A3D8D9',7),('3E495EC1-E1C5-26F1-0E3E-2D13EAA2593A',1),('3ED634C2-01CA-D6E9-2DBD-24B53A7912F7',3),('41EC591D-808E-D85C-F05F-08BC3DE7A618',7),('4217E857-1D51-5D25-B645-EC24D23C8759',89),('4ABE3D77-BF86-12D3-E1C5-22663D37C199',53),('4D8E4891-1711-7D30-E4CB-645A8DF59A43',5),('51DDB2CB-211E-C27A-24C1-239329CA17BF',7),('52B1839C-D594-EB3D-4A72-730B1C8B08F4',41),('5458A436-88C5-7CBD-CEB6-8A4545B12CCA',13),('59C85B8E-4CE0-B66B-4B5D-3A557324E6A9',7),('5BAD8B6D-41B2-E757-6396-88D687C6413A',43),('5E7BBA02-A5B6-C734-D7B7-241D674254A9',61),('65F73281-0AC6-CE48-6667-1C8E66159728',7),('66B35B95-C39C-684B-7BCD-CA45E2C7CD4E',67),('6BB61B4B-EBD8-84AD-EED7-882D166A7A1E',83),('6CB65FA4-6A8E-0C33-BFB7-2E8E4A775E4B',1),('6CD4E674-30C5-7F82-7AE5-D8D48E62A684',97),('6D69D98A-F18A-99BD-BA86-E43C29FC5ECE',89),('6D891688-E9DE-C3CC-6AE0-B171C08A37D7',47),('70432CEF-BFC6-6827-037C-89013205B2C8',53),('72C62199-C17C-9E1F-8AD7-247B81D6D758',89),('770ECE34-EC9D-34AE-8A96-A8E5749AA037',43),('7E9C9286-F32B-3CA5-68A3-4A841E3A8311',11),('8028392D-6B8B-C3A3-4E16-E86603AD4204',61),('83A757C6-A262-AECA-6AC3-5FBA32AB7329',43),('8432397E-BCE5-EC1D-67E3-E0F92EDB1777',73),('8655F767-78E6-733A-37B9-210CC3D1D4A9',23),('86AA189F-711F-E754-96B9-EB84B2305782',73),('873581C1-A079-1277-694F-4E735E854AC9',17),('8BCE9908-6D44-B7DB-D363-D468A2DF3A25',83),('8C5C40B3-3988-EE44-126E-18147A9E62D2',3),('971B44E4-D8B9-4553-163B-E41EB6A0637E',97),('97A22779-F07C-91C1-2331-BCBAD44EBA4B',3),('9AB66BAE-D007-3BD8-C34B-93C854E6715C',5),('9CB62BC2-FFA6-449F-59E4-379EDA5F29C6',47),('9E97F534-962D-5B43-9AAA-24533FB7EDBD',23),('A095D2D2-BE1A-6673-3369-5951992C967B',13),('A14C4361-9AC9-A3E7-7B1B-73BA6A3D23D7',37),('A1ABDB2E-4E96-3D0D-2E4C-B19425290943',73),('A2689A2C-722B-9357-886D-2DDA864E246D',89),('A4D0D84F-4622-BB83-E6B6-51E545D4A217',2),('A6EBADAE-2E18-2FD5-0359-C3C2BBDBAB04',83),('A89D4669-57D3-2ED8-5E49-BDC1293B0BBB',13),('A993ECC6-B915-5796-8B2A-8191DF52588E',53),('AB069F53-965E-A2A8-CE06-CA8C4FD92501',29),('AC777376-9329-BE65-285C-505D7C83A262',83),('AFE3C197-0B9C-985B-D146-571CD7BEF7FB',2),('B03C0BC7-28F4-D474-8928-523B19A93E7C',43),('B1ED4136-DA1A-6BF3-4C61-7A575F624670',5),('B62D17A8-456A-A5B2-88DB-25314036778E',79),('BA338D01-C4D1-6F43-DDF8-5EC8C8B8384B',2),('BD440E6D-FC5B-A13F-251E-B745CEB24F04',5),('BF0BA28B-355D-412E-089C-B152516DC965',3),('C0B1ABC1-0C03-5C27-977E-A5EC13EED863',3),('C0B617A7-A5B1-AF49-C9A2-8112974C4957',23),('CA264293-D392-1E21-1BCA-16CEA88D875A',97),('CC77BEEC-E348-8BC9-BE81-46F75404E183',7),('CDCDE7A5-39CD-9ABD-59D5-71641582C825',11),('CDF1E4E5-1A4D-54CD-8734-D48AC4C3E5E6',5),('D52157FC-58FC-68E6-91D4-CCB11178F8AC',97),('D6F37D7A-A07E-01AA-DE27-476C89D26A8E',71),('D7F7744C-39EA-B921-E945-40E135484B4C',43),('D938FE61-B342-04B6-78A7-C9FA57B590AA',13),('DD760F36-BB02-83DC-69A9-E24D736E30D1',43),('E2C94327-62EE-9EF1-4D62-B861858AC425',73),('E2DEC4AA-E02F-8829-DE30-795881675C52',83),('E38DC6C5-1EE2-602D-2EA2-D2F39C771CDE',43),('E6512B38-3AB7-7128-77D9-0C38641CD951',2),('E7756387-9D45-B1B5-D351-B1BFB64C485C',89),('E8A862CE-AC8B-A489-620C-DDD7FEB16AA2',89),('EA06C211-5A86-C9A8-7CA3-C84D266D4B62',29),('EA2C3281-C9C1-A387-44F8-729FB4B51C76',73),('EA41A50E-27D6-3612-788C-AD736D4EF523',19),('EAD89828-65AA-E817-F946-E7365972D94E',97),('F56FCA4A-0039-9F64-7376-85632B91121B',41),('F85A7D75-2778-9D75-D776-3F41A828DE88',3),('FAAD3FFC-1A17-E141-43D3-359A5BA7CB3B',19),('FCE2AB9A-271D-2BDC-9E49-8DD92A373391',37),('FD2E8957-414B-BEEC-E9AD-59AA7A8A6290',89),('FD89D51B-AE8D-77DC-E450-B8083FBD3187',1);
/*!40000 ALTER TABLE `transaction_items` ENABLE KEYS */;
UNLOCK TABLES;

--
-- Table structure for table `transactions`
--

DROP TABLE IF EXISTS `transactions`;
/*!40101 SET @saved_cs_client     = @@character_set_client */;
/*!50503 SET character_set_client = utf8mb4 */;
CREATE TABLE `transactions` (
  `id` varchar(255) NOT NULL,
  `card_id` varchar(20) DEFAULT NULL,
  `business_id` varchar(15) DEFAULT NULL,
  `timestamp` timestamp NULL DEFAULT NULL,
  `amount` decimal(10,2) DEFAULT NULL,
  `declined` tinyint DEFAULT NULL,
  `product_ids` varchar(200) DEFAULT NULL,
  `user_id` int DEFAULT NULL,
  `lat` decimal(15,10) DEFAULT NULL,
  `longitude` decimal(15,10) DEFAULT NULL,
  PRIMARY KEY (`id`),
  KEY `card_id` (`card_id`),
  KEY `business_id` (`business_id`),
  KEY `user_id` (`user_id`),
  CONSTRAINT `transactions_ibfk_1` FOREIGN KEY (`card_id`) REFERENCES `credit_cards` (`id`),
  CONSTRAINT `transactions_ibfk_2` FOREIGN KEY (`business_id`) REFERENCES `companies` (`company_id`),
  CONSTRAINT `transactions_ibfk_3` FOREIGN KEY (`user_id`) REFERENCES `users` (`id`)
) ENGINE=InnoDB DEFAULT CHARSET=utf8mb4 COLLATE=utf8mb4_0900_ai_ci;
/*!40101 SET character_set_client = @saved_cs_client */;

--
-- Dumping data for table `transactions`
--

LOCK TABLES `transactions` WRITE;
/*!40000 ALTER TABLE `transactions` DISABLE KEYS */;
INSERT INTO `transactions` VALUES ('02C6201E-D90A-1859-B4EE-88D2986D3B02','CcU-2938','b-2362','2021-08-28 21:42:24',466.92,0,'71, 1, 19',92,81.9184589824,-12.5275561984),('0466A42E-47CF-8D24-FD01-C0B689713128','CcU-4219','b-2302','2021-07-26 05:29:18',49.53,0,'47, 97, 43',170,-43.9694885888,-117.5251835904),('063FBA79-99EC-66FB-29F7-25726D1764A5','CcU-2987','b-2250','2022-01-06 20:25:27',92.61,0,'47, 67, 31, 5',275,-81.2226805760,-129.0498795520),('0668296C-CDB9-A883-76BC-2E4C44F8C8AE','CcU-3743','b-2618','2022-01-26 01:07:14',394.18,0,'89, 83, 79',265,-34.3593055232,-100.5559280640),('06CD9AA5-9B42-D684-DDDD-A5E394FEBA99','CcU-2959','b-2346','2021-10-26 21:00:01',279.93,0,'43, 31',92,33.7381445632,158.2982103040),('07A46D48-31A3-7E87-65B9-0DA902AD109F','CcU-3225','b-2386','2021-06-28 19:11:42',340.87,1,'47, 23',272,38.8341526528,92.1905454080),('09DE92CE-6F27-2BB7-13B5-9385B2B3B8E2','CcU-3071','b-2298','2021-05-11 18:40:06',303.05,1,'67, 7',275,71.1705612288,10.5756752896),('0A476ED9-0C13-1962-F87B-D3563924B539','CcU-4359','b-2302','2022-02-26 19:33:54',430.49,0,'29, 41, 11',221,-56.4900776960,114.8012315648),('0BEB80B7-9D66-1707-CE4B-9DC7E71914B5','CcU-3141','b-2338','2022-03-04 13:54:35',288.81,1,'19, 41, 29, 3',272,23.3264027648,-13.6036868096),('0C7C3A33-9947-3BC1-846D-7BE3D0D17598','CcU-3309','b-2434','2021-04-10 18:58:41',103.44,1,'89, 31',272,63.3614763008,-68.6666633216),('0CE957A6-CCAA-2B7A-6839-8A4B1B324853','CcU-3435','b-2506','2022-02-02 06:29:36',428.69,1,'83, 43, 73, 61',269,-69.3537422336,-10.2600429568),('0DD2E608-5C9E-D1B3-4999-B99F43AD735A','CcU-2959','b-2234','2021-04-17 03:30:17',252.47,1,'7, 47, 17',275,9.6881091584,130.2823895040),('1017AA59-3D5F-7A4C-1992-D151A8D1FA0A','CcU-3701','b-2618','2021-11-01 00:02:11',447.11,0,'37, 13',267,4.2764513280,-101.5540074496),('1026DA24-8929-31F1-8250-D7BAB05C13D2','CcU-2959','b-2346','2021-12-07 08:30:38',465.31,0,'89, 11, 97, 79',92,32.0645662720,-140.1465445376),('108B1D1D-5B23-A76C-55EF-C568E49A05DD','CcU-2938','b-2222','2021-07-07 15:43:16',293.57,0,'59',275,83.7839152128,-178.8603535360),('10A9B07A-810C-76EB-4D15-12C6CC128037','CcU-3155','b-2346','2021-05-16 19:00:28',27.85,1,'43, 83',272,-32.0556372992,-76.7280609280),('11ABED97-EA12-1B9A-96F0-A93ACC172179','CcU-3981','b-2362','2021-07-14 18:55:48',157.20,0,'29',68,-78.8402023424,8.7618164736),('122DC333-E19F-D629-DCD8-9C54CF1EBB9A','CcU-4366','b-2302','2021-06-09 04:04:14',172.01,0,'1, 67, 19',221,29.6372365312,-166.1728714752),('133B82CC-DE62-8604-2D11-3DC5449E0A5F','CcU-3407','b-2490','2021-04-02 03:17:46',348.88,1,'29',271,62.3246354432,101.0166728704),('135267BA-2E7D-957C-C42C-6450A2B3ED54','CcU-4520','b-2302','2021-12-29 19:38:23',17.97,0,'11, 71',210,20.6724244480,14.9732265984),('13DCC69F-EA07-E52B-8309-D474C6281E80','CcU-3197','b-2370','2021-06-02 02:10:57',50.09,1,'97, 29, 23',272,32.3746106368,165.0159879168),('13FBB312-B283-7976-DA47-14DE5986218A','CcU-3365','b-2466','2021-10-30 11:42:44',80.58,1,'11, 29, 43, 79',272,20.2368777216,-117.8845119488),('1479B3D2-B7BA-C7BB-4CE3-8D7C2DE85ABB','CcU-2994','b-2326','2021-08-08 22:58:07',309.45,0,'89, 41, 59',133,66.2671920128,172.3992054784),('14CAE5B5-8FB1-3E4A-4C85-0EA4167534F4','CcU-4849','b-2302','2021-12-30 23:29:42',388.04,0,'2, 13, 53, 31',189,-53.6202237952,93.0533436416),('1517E8A8-8B44-A7C9-6691-692C27D0DC2C','CcU-3505','b-2546','2021-03-23 00:58:34',259.51,1,'83, 43',267,-70.0483903488,-44.5028681728),('152598C2-029D-D684-4B66-91EDF393EBFF','CcU-2994','b-2326','2021-07-05 01:10:00',395.43,0,'23, 97',126,-67.0189467648,-141.6721632256),('156F3F80-7E7D-65CF-727D-6AE03CEB7520','CcU-2959','b-2346','2021-04-29 05:06:10',404.16,0,'5',92,-59.9778401280,172.7308564480),('1575F87A-E37B-DADD-554C-A99D8E7162A6','CcU-4163','b-2494','2022-01-13 23:43:18',37.55,0,'61, 83, 37',235,64.5744575488,-79.6300177408),('158A3ACB-541C-DBCC-65BD-6373CC67BF1C','CcU-4849','b-2302','2022-03-08 04:02:19',240.29,0,'13, 41, 89, 71',183,42.5424324608,-170.3472777216),('15CC4862-D13E-ED4B-941C-486484AFDFAD','CcU-3239','b-2394','2021-04-22 11:56:42',447.11,0,'97, 89',272,-14.0843383808,7.7993745408),('162C7E78-2B6B-7971-A1E4-D2124E732451','CcU-4527','b-2302','2021-04-11 03:59:18',231.26,0,'89',210,-69.1381422080,58.0016860160),('167DE938-B1C2-428D-FA3D-96A45CD41B22','CcU-3883','b-2494','2021-03-29 09:04:24',414.36,0,'7, 37, 2',255,67.3865081856,-63.1993451520),('1717FD6B-ADAD-7082-A748-9112BE892CCC','CcU-4219','b-2302','2021-12-29 15:18:54',249.91,0,'2, 5',172,69.4892170240,-138.4107855872),('1742D72D-6EC3-1B42-A1B2-24AA75A6A14B','CcU-4191','b-2346','2021-04-09 13:37:17',297.59,0,'17, 11, 83, 67',96,-18.9715958784,-101.5928839168),('1753A288-9FC1-52E6-5C39-A1FFB97B0D3A','CcU-4345','b-2302','2021-08-17 03:32:08',497.84,0,'1, 13, 89, 31',222,57.9421920256,-114.7291827200),('17561134-37A4-E316-2C3C-C5541EDAD761','CcU-2938','b-2362','2021-09-15 03:23:32',371.57,0,'53, 2',92,-10.8528569344,18.0969486336),('1788C881-EE67-9BAB-377A-4C78E772160B','CcU-3036','b-2278','2022-01-16 07:19:44',486.83,0,'7, 2, 79',275,55.9134551040,110.5549494272),('17B43AB2-DD7D-96C4-2C7D-1989F119A1CB','CcU-4814','b-2278','2021-08-28 18:01:52',494.17,0,'29, 11',199,5.4180440064,-6.7093221376),('1822A630-4B6E-DABC-2576-6EC107FA15C2','CcU-4849','b-2278','2021-09-16 21:56:49',140.31,0,'23, 67, 97',194,-32.3809166336,-0.8222182400),('18528B27-18B8-93DA-9B8C-31635C536DA4','CcU-4191','b-2346','2022-02-15 21:26:43',208.00,0,'83, 31',96,-43.6153265152,-16.3708277760),('185C9F2C-67A2-8EC0-0BB6-93789CC59F05','CcU-2938','b-2362','2021-07-25 10:34:59',285.24,0,'11, 53',92,9.5592757248,165.7262669824),('186F53DE-DE27-B1FE-B82F-15B61CEB7726','CcU-4310','b-2302','2021-12-20 12:13:45',238.16,0,'17, 37, 31',225,-72.7447825408,36.6211337216),('18B1AD88-F155-45B7-D2EA-4738407435D6','CcU-3981','b-2362','2021-11-26 19:26:07',268.48,0,'7',65,36.2907927552,-128.8209162240),('18B2472B-DA8B-36F7-B0F2-7DDA688B73D1','CcU-2938','b-2362','2021-09-24 06:33:44',391.38,0,'59, 23',87,-41.7722076160,98.2897368064),('18C4E2DD-1E4C-F35E-2198-C660BD81DC25','CcU-4849','b-2302','2021-09-24 16:55:25',237.04,0,'61, 53, 97, 31',177,68.0132978688,91.4839083008),('18CCBA7C-ABC1-813D-FAF3-4BAB97429368','CcU-4219','b-2302','2021-06-21 01:21:34',58.16,0,'83, 97, 23, 71',173,51.3880513536,-156.3705291776),('18D648AB-7D54-A3E8-2DBA-2D8D2991CA43','CcU-3771','b-2618','2021-11-02 02:08:14',305.02,0,'89',263,-67.1179923456,-174.1413153792),('1998A483-B4CD-FAE6-745C-8F2F2EB77A8E','CcU-2959','b-2362','2021-08-29 08:53:03',372.58,0,'31, 67, 47',92,-6.7704711168,128.6790122496),('19E1EC3E-2119-1EFD-8AAE-5930D4A4E63F','CcU-4219','b-2302','2021-07-06 19:40:15',29.63,0,'83, 11, 5',154,-56.0838861824,116.9871379456),('1A1279B1-B393-3EE4-6A2E-6D8F1256A49D','CcU-3148','b-2342','2021-05-02 21:27:58',225.64,1,'61, 79, 59',272,61.8109274112,4.2951022592),('1A6CECFB-2E3A-65A3-72D9-2FDB58A1E4BA','CcU-4674','b-2278','2021-07-03 06:35:06',200.04,0,'7, 23, 2, 1',209,-55.9322806272,60.4475373568),('1A9B5411-64D8-DEC4-AC74-43E235AAEFC1','CcU-3687','b-2618','2021-08-22 21:51:51',306.96,0,'3, 67',267,44.3314315264,149.1675122688),('1B117D49-936C-BA6C-E94B-30C3293AA239','CcU-4219','b-2302','2021-05-09 21:56:04',371.35,0,'59, 83',163,-75.0990076928,109.0344773632),('1B521826-5860-5A86-5364-6EB6A5CC21B7','CcU-4226','b-2302','2021-08-14 00:39:50',476.33,0,'7',231,-53.4613055488,49.1483810816),('1B636B58-A2E8-7C69-D9C9-C54535DAFD3B','CcU-2994','b-2326','2021-07-06 06:48:46',195.06,0,'53',131,70.2542684160,-13.1335795712),('1BC3AC28-04FB-7015-D93A-422C9A68528D','CcU-4632','b-2278','2021-03-21 15:22:42',208.47,0,'61, 23',210,-39.9209819136,-149.1246845952),('1C3B3CC4-B919-7616-6A57-EEBDD7B7B68B','CcU-4415','b-2302','2021-09-27 14:07:34',462.35,0,'61, 67, 29',217,81.1736996864,62.8834658304),('1C9EE7A2-EA73-9E54-DAC7-D08632543C68','CcU-4191','b-2346','2021-12-22 16:19:04',395.48,0,'2, 5, 73',96,-63.0446019584,-175.3478036480),('1D03001C-97EC-77F6-6E7E-8E2CAC237EA4','CcU-2959','b-2346','2021-06-30 13:59:43',32.36,0,'13, 53',92,-39.7167426560,-18.0415165440),('1DE927AB-29A8-654F-3372-43971B6844AA','CcU-3659','b-2618','2021-08-05 13:52:25',440.13,0,'73, 79, 97, 13',267,79.9467386880,90.3733082112),('1EA2B262-D507-AD14-4374-4D532967113F','CcU-4562','b-2278','2021-08-04 09:21:27',274.15,0,'23, 31, 1',210,-45.6339976192,175.5616202752),('1ED7A10C-3D78-18C5-483D-8FFE72CB8D58','CcU-4716','b-2278','2022-02-13 11:02:43',432.55,0,'3, 43',206,37.5167505408,178.9231364096),('1FB125A8-0901-63AC-E2B7-349E5974FBAD','CcU-3722','b-2618','2022-02-16 13:33:25',415.11,0,'79',267,-44.4339063808,-82.0843885568),('20418DE5-B804-BE9B-BD7A-A95C1BFDBF5C','CcU-2994','b-2326','2022-01-03 14:59:29',479.52,0,'89, 13',126,-79.1145294848,1.5148062720),('2075B12D-69AB-7022-57BB-33ED49B72766','CcU-4247','b-2302','2022-02-13 03:07:29',87.44,0,'23, 19',229,-9.0368222208,88.9004780544),('2139A647-D965-AA81-3915-55DADA16CD3F','CcU-3127','b-2330','2022-03-07 09:53:46',119.68,0,'79, 71',273,9.5045337088,128.8788835328),('22C9EC22-45FC-72C8-63CE-5FA99A24E770','CcU-3645','b-2618','2021-06-11 14:08:49',196.71,0,'5, 97, 11, 13',267,28.4439485440,-11.3959416832),('232D9E61-96EC-4D47-8191-A815D5EE89FE','CcU-3379','b-2474','2021-09-25 06:40:41',268.89,1,'13, 79',272,-28.7540007936,38.5079080960),('239B8576-6C0E-137A-C2F6-3180A188A2D3','CcU-2994','b-2326','2021-08-26 04:04:05',43.90,0,'89, 53, 41',126,23.6174143488,137.2224935936),('23CF8ED3-402C-7C54-59CD-DB505C5CCCCE','CcU-3547','b-2570','2021-05-17 03:33:40',425.64,0,'61, 67, 1',267,30.4188925952,-31.8901768192),('241827A6-E87C-6DA3-5AC9-BBCFD42B7D2A','CcU-4849','b-2302','2021-08-04 02:44:35',487.64,0,'97, 83, 3',190,-12.1171994624,-175.3217037312),('2449E458-D672-3152-B598-FE959AC3AEB6','CcU-3225','b-2386','2021-04-25 21:15:39',245.25,0,'23, 71, 41, 5',272,-12.1829583872,-73.7255243776),('24EB2B70-3602-FDA8-54D5-9CD7F3CA523C','CcU-3610','b-2606','2021-10-20 23:05:09',46.25,0,'2',267,27.6947714048,-10.7154512896),('2585891B-C4C7-075E-358B-B575339E5177','CcU-4450','b-2302','2021-08-24 03:32:36',253.49,0,'79, 19, 53',215,32.9171156992,-40.6058676224),('263035AA-8758-E413-8CC4-6D8F81BBF899','CcU-4338','b-2302','2021-06-21 09:23:01',499.23,0,'53, 31, 83, 29',223,36.6100421632,83.1952588800),('2660D3B8-0B2C-AEBA-A891-95433968CF71','CcU-3981','b-2362','2021-12-01 01:29:51',381.17,0,'83, 17, 29, 61',66,38.6936775680,1.8788864000),('267C4A86-7BA7-1C5E-0718-2824983C87DD','CcU-2994','b-2326','2021-10-01 19:08:53',122.63,0,'17, 47, 29, 67',126,-17.5259107328,104.9146147840),('26D8A738-B651-A620-1EEA-D8E2CD353BEB','CcU-2938','b-2362','2021-05-28 13:21:36',238.99,0,'19, 17, 7',92,15.6871495680,25.2507497472),('276AB37B-1B03-234B-1DA0-88FF91175221','CcU-3190','b-2366','2021-11-08 22:39:09',427.71,0,'19, 97, 61',272,80.0352710656,-20.5416714240),('2899837A-45A3-D3B1-0D03-8B33B867DF9B','CcU-2959','b-2346','2021-12-11 20:36:59',324.34,0,'11, 41, 29',92,-1.5570224128,-95.7179627520),('2A37F5B3-11D8-3BA4-6E94-B7407D91942C','CcU-2959','b-2362','2022-01-10 19:31:41',83.19,0,'89, 59',92,-81.8177120256,-65.9639804928),('2A5A3001-104F-1D1F-7852-5BA801869B6F','CcU-3169','b-2354','2022-02-27 17:35:15',30.76,0,'13, 1, 41',272,-67.2524722176,-142.5573557248),('2B20375D-A316-8471-E83E-41EC79B7A88D','CcU-3561','b-2578','2021-04-12 12:14:02',43.22,0,'73, 89, 3',267,74.1054133248,-173.8095081472),('2B928E1C-EC14-A760-0A75-871477649D6A','CcU-2980','b-2246','2021-08-10 06:14:49',383.73,0,'59, 13, 23',275,-41.0495595520,161.6848917504),('2C7D9B65-2629-CAB1-5010-77BD1A74ADA6','CcU-3050','b-2286','2021-07-08 20:54:31',258.18,0,'53',275,-15.6687583232,-70.1488001024),('2C9A4725-4B19-621C-4EE4-AE9E31CFE5B0','CcU-4219','b-2302','2021-08-14 07:23:34',28.95,0,'73',149,-46.7357316096,162.1021497344),('2EA96879-F291-A5B2-BDC8-EDEAFD054661','CcU-3064','b-2294','2021-08-20 03:48:42',108.20,1,'59, 71',275,-76.0785744896,-8.2985053184),('2EBE1D7D-9D97-9E4D-E758-2CDB994497A5','CcU-4191','b-2346','2022-03-14 12:51:53',305.47,0,'89, 53, 59',96,4.1087464448,-60.6688364544),('2F3B6AB6-147D-EB0B-FE8D-9A4E2EA9DBD5','CcU-2966','b-2238','2021-10-18 04:12:03',33.81,0,'47, 37, 11, 1',275,-43.4811227136,16.6025207808),('2F499B4D-4DC7-B337-010D-8B7471812A80','CcU-3785','b-2618','2021-04-10 13:14:14',363.51,0,'1',262,-25.2248092672,72.2734812160),('2F74E99B-9337-7F74-5208-5DEC81A174FD','CcU-3750','b-2618','2021-06-04 14:40:30',475.06,0,'17, 47, 1, 43',265,75.0042332160,-64.1653274624),('310B8BF9-A441-1470-EDEF-417B7EF2B169','CcU-2959','b-2346','2021-04-04 09:53:52',406.13,0,'3, 31, 97, 5',92,7.5346520064,-136.9231424512),('3142C93E-B3B7-49E4-EE2D-29CA834B198D','CcU-2994','b-2326','2021-04-06 15:24:44',91.59,0,'29, 43',126,-67.8475591680,-119.9781401600),('32A9BDCA-1390-2BE1-82C8-AD514E38A203','CcU-4191','b-2346','2021-10-18 09:16:27',483.96,0,'67, 2',96,84.3247385600,-89.4331097088),('331A8A52-52D4-D323-0388-1A97C982E441','CcU-3372','b-2470','2021-08-12 12:31:26',144.26,1,'1, 19, 5',272,23.1461133312,11.1917657088),('33525F74-4864-C19F-7D23-A8D78668B7C4','CcU-4492','b-2302','2021-12-15 11:22:03',423.71,0,'29',212,10.3105372160,13.9999141888),('34368DE0-D181-1B5C-6698-8DF585C06421','CcU-4219','b-2302','2021-07-05 08:54:54',86.69,0,'61, 11',153,-8.2045213696,89.9882452992),('3461A2B4-8BEE-3797-ACA4-1DA3E64AC243','CcU-4191','b-2346','2021-05-10 04:35:13',324.91,0,'79, 5',96,-82.3625645056,123.0292111360),('34AA1D64-2989-DE1C-8705-C66C8DDB19DD','CcU-4219','b-2302','2022-03-02 04:30:41',275.45,0,'13, 97, 37',166,-17.0772025344,-169.0059088896),('3578688E-7B1D-B887-3BC7-20B8673AA31E','CcU-2994','b-2326','2021-07-26 20:59:24',303.60,0,'41, 13, 2',126,87.0664830976,-22.7338516480),('357BB633-3C33-A9D3-B8CD-9DDE75951893','CcU-3337','b-2450','2021-09-16 14:06:40',399.12,1,'53, 7, 97',272,71.0722010112,-169.9183079424),('35DE2442-5AEB-9C73-E8DE-BC31DEA8C4DE','CcU-3043','b-2282','2022-02-12 10:00:08',116.74,1,'2, 1, 71',275,57.9247218688,145.2933779456),('35F284A2-5028-6DB8-A631-78B7981716C2','CcU-4849','b-2278','2022-01-10 18:27:25',167.36,0,'37, 67, 31',192,-41.6612861952,-178.0365012992),('360C7814-F7AF-B43A-0946-AB38D2683C86','CcU-2994','b-2326','2021-08-21 08:19:58',494.82,0,'7, 19, 79',116,-7.9300544512,-79.0733114368),('369213C7-BD65-0715-6644-D5E4F9BD9914','CcU-4219','b-2302','2021-12-29 17:54:29',458.66,0,'23, 19, 41',147,88.7858717696,-148.0226335744),('36AD59C1-944F-C355-8358-B83A446F3272','CcU-2959','b-2346','2021-06-09 23:43:46',492.19,0,'5, 67',92,-26.9569353728,-2.8432963584),('36CCD7CD-F90E-2EE9-5B8B-576A04715373','CcU-2959','b-2346','2022-01-16 15:20:55',325.93,0,'11',96,32.2189968384,-89.2956372992),('370F6D3D-CB63-7335-8B43-15C876E2843B','CcU-3939','b-2494','2021-05-03 00:20:08',236.19,0,'11, 23',251,-14.3864179712,84.5977765888),('37C2603F-412A-E0E9-DEB7-BE2982B5CE0D','CcU-3015','b-2266','2022-01-02 15:59:28',51.76,1,'13, 31',275,17.7552040960,-147.1599401984),('391E1CFD-D653-E45B-A729-F2EB93247B58','CcU-2994','b-2326','2021-10-08 22:50:38',271.27,0,'83, 61',118,60.5512365056,103.9035229184),('39C889EA-B158-242A-0B79-E28E8B3A2342','CcU-3442','b-2510','2021-06-02 19:07:59',365.95,1,'47, 53',268,65.4226123776,168.0052610048),('3A3B4A86-14FC-D9B3-164A-21542B509E1D','CcU-4772','b-2278','2021-05-13 20:40:52',360.05,0,'19, 73',202,85.5250548736,116.1088269312),('3A3E00C1-C191-02EF-AD8E-42C9DA644E4A','CcU-4849','b-2302','2021-11-10 18:14:50',451.66,0,'3, 2, 67',175,0.3400129536,174.0330280960),('3A4D2D8C-AC59-C2D2-2C36-EAAD62B32B26','CcU-4107','b-2494','2021-04-29 17:14:04',307.79,0,'61, 79',239,-12.5159072768,152.3139342336),('3AA66E6B-D2C4-CC71-6BF5-889E44A3D8D9','CcU-3127','b-2330','2021-11-09 19:35:14',343.50,1,'71, 31, 73, 7',273,-50.8701831168,-5.0483045376),('3B2D4464-1E9E-D3AE-D837-6E14C69B7BC8','CcU-4184','b-2494','2022-02-08 01:37:52',427.96,0,'23, 2',234,2.1340623872,163.5016012800),('3B37BE91-420F-4361-238A-3C5A42B998F7','CcU-4849','b-2278','2022-03-02 01:21:42',154.94,0,'37',191,7.1741326336,-0.9980841984),('3C291BE8-CA7C-39BA-76F8-7CB74937EC98','CcU-3652','b-2618','2021-06-29 12:31:00',468.49,0,'31',267,-18.1059252224,10.8415140864),('3C4D7C2A-A402-B941-625A-D64CA53526E8','CcU-2994','b-2326','2021-04-25 17:11:52',441.27,0,'23, 17',117,23.1626718208,-10.3810471936),('3C612673-2DD7-43C4-87CA-F90DE2E1372E','CcU-3218','b-2382','2021-05-05 12:28:12',477.10,0,'41, 37, 3',272,-8.8929613824,137.2026401792),('3D4B5BDD-C674-13F6-B132-09D180277BC9','CcU-3631','b-2618','2022-02-01 05:30:48',221.78,0,'47, 31, 19',267,-8.4623632384,88.7757519872),('3DBC2D2E-1885-9D8A-3476-61E6865183AE','CcU-3757','b-2618','2021-12-26 20:07:55',143.89,0,'83, 29, 31',264,-56.4905921536,36.2392140800),('3DED9D58-D22A-2B11-C662-183011AE51F4','CcU-2959','b-2346','2021-10-15 04:17:50',278.83,0,'79, 1',92,69.1050992640,-170.5396009984),('3E18E43B-892B-F520-6B38-3A177E27BD19','CcU-4653','b-2278','2021-06-21 16:58:40',267.84,0,'59, 43, 13',210,-45.8382992384,-26.5504492544),('3E495EC1-E1C5-26F1-0E3E-2D13EAA2593A','CcU-4282','b-2302','2022-03-03 13:29:15',417.70,0,'31, 97, 17, 1',227,-50.5725360128,-172.5083481088),('3EB67ADC-B4F1-83C4-93E2-E8469D1A37F6','CcU-3981','b-2362','2021-12-23 19:25:16',33.10,0,'37, 89',77,-64.6374295552,-99.9423689728),('3ED634C2-01CA-D6E9-2DBD-24B53A7912F7','CcU-4219','b-2326','2021-03-29 09:38:38',478.54,0,'37, 23, 61, 3',137,69.0548969472,96.5032843264),('3FEC4131-9BED-2EA6-1776-82674C80DDBB','CcU-2994','b-2326','2021-07-25 02:59:17',393.42,0,'71, 17, 83',126,-7.2846899200,179.0625251328),('40EEC58F-C386-1B13-D59A-34216F9694E2','CcU-3176','b-2358','2021-04-23 23:30:10',183.14,1,'5',272,-85.3051235328,169.7468863488),('414D51E1-B793-49F5-B593-795429B4E258','CcU-3337','b-2450','2021-03-30 23:22:49',50.99,0,'7, 67, 23',272,-41.8664717312,76.3719014400),('41932C77-45B5-C786-6B3F-DBB619B2D535','CcU-4219','b-2302','2022-02-12 08:12:05',358.36,0,'89',142,-8.3724722176,-67.8775987200),('41A2942C-D6E1-B164-2A45-D7ED17237A3A','CcU-3134','b-2334','2021-11-07 10:38:05',47.15,1,'1, 43',272,-44.0412059648,101.3341122560),('41C13F08-471E-D475-3E14-760DF3F79B42','CcU-4219','b-2326','2022-01-16 15:48:55',45.63,0,'3, 19',138,-51.7289443328,55.3294360576),('41EC591D-808E-D85C-F05F-08BC3DE7A618','CcU-2994','b-2326','2022-01-06 06:47:39',335.54,0,'17, 11, 19, 7',126,5.3853462528,-78.3916817408),('4217E857-1D51-5D25-B645-EC24D23C8759','CcU-2994','b-2326','2021-04-23 11:07:58',193.33,0,'7, 83, 67, 89',129,65.4732827648,-20.2735168512),('4236493E-3596-5E19-4768-2195A5D17CC0','CcU-3813','b-2618','2021-11-06 12:38:07',432.21,0,'71, 67, 13',260,16.5665385472,-168.9585488896),('4334349E-CEB0-3D68-A4D4-FEB7718A1ACE','CcU-3092','b-2310','2021-05-03 20:37:23',458.74,0,'67',275,-20.4858958848,150.8698927104),('439F4F6A-57C7-3A59-6038-AD7133887522','CcU-3449','b-2514','2021-03-18 04:42:48',60.93,0,'79, 17',268,-13.9867411456,-104.2683125760),('43CDD853-0EC5-439D-8A4E-0D811A4A83BD','CcU-4555','b-2278','2021-12-05 21:40:24',58.28,0,'17, 67',210,-56.7251364864,2.8682094592),('442713DA-4BE6-132A-51B8-AC44EA6D5839','CcU-4436','b-2302','2022-01-29 16:12:59',59.67,0,'5, 17',216,-22.3293553664,-22.0184094720),('443E9122-55E4-142E-AAF8-C0E7148C38AB','CcU-3638','b-2618','2022-01-12 14:55:25',176.34,0,'43',267,-59.0125706240,22.7391677440),('44D0BBB1-975E-86AA-75DA-BDAFED65F368','CcU-4093','b-2362','2021-07-20 06:47:44',133.39,0,'29',62,34.5966703616,161.5931583488),('44ED47D3-5B2D-2D7C-44C8-8B258DF3773C','CcU-3316','b-2438','2021-04-07 17:18:12',64.15,0,'19, 41, 3',272,-66.2683267072,107.2030398464),('450ADB51-22CC-B21C-7985-6F34366BE126','CcU-2959','b-2346','2021-04-22 20:03:25',471.98,0,'13, 29, 19',92,29.4635162624,87.2626675712),('45119B5D-1D54-E623-3C41-3EE30B21A04D','CcU-3029','b-2274','2022-02-13 15:33:50',33.34,1,'59, 61',275,-55.0393834496,-149.8459278336),('45CA3E45-6B42-CAC4-7683-EBB69D523B3E','CcU-4219','b-2326','2021-04-29 04:17:02',149.89,0,'41, 89',140,85.7054955520,36.1496535040),('467CC274-71A7-51F4-B58A-A77AADD25833','CcU-4016','b-2494','2021-06-23 12:51:00',339.62,0,'23, 1, 41',246,-2.3744678912,-28.7266646016),('4832166E-E11C-BBC3-41DB-B8704686B7A3','CcU-3029','b-2274','2022-01-18 15:12:47',416.66,0,'41, 83',275,-72.4205815808,-168.1795437568),('4915FB62-6A6C-9ACA-E92E-03D94E774161','CcU-3106','b-2318','2022-01-03 19:51:56',376.41,0,'97, 43',274,52.3774137344,-176.6384135168),('494D615C-793A-2D79-B0D7-872F4F822346','CcU-3624','b-2614','2022-01-23 05:59:03',266.90,0,'7, 17, 13',267,-89.2202033152,-100.2761054208),('49CD105D-E569-3733-C8C8-3908ED7E1838','CcU-3393','b-2326','2021-12-24 22:43:59',411.81,0,'43',108,-47.8783276032,168.2745216000),('4A0149B2-B1A1-D766-49A1-86BA9517EA07','CcU-4646','b-2278','2021-07-01 02:29:16',47.53,0,'53, 47',210,33.8914860032,139.2108042240),('4ABE3D77-BF86-12D3-E1C5-22663D37C199','CcU-3120','b-2326','2021-11-13 03:18:28',38.02,1,'23, 97, 79, 53',273,-63.6086500352,69.6022607872),('4B3FF0B5-1547-801E-D5B0-44EDB2F62210','CcU-3043','b-2282','2021-12-04 22:00:20',63.12,0,'83',275,48.9972803584,-50.5497547776),('4B517EB7-E52D-6A40-B47D-398B745EE183','CcU-4051','b-2494','2021-08-06 22:44:55',451.94,0,'59',243,-0.3328235520,-95.5848506368),('4B74B94B-D123-7C7E-A9CE-7DA26F911F55','CcU-2994','b-2326','2022-02-12 13:27:28',304.43,0,'53, 3, 47',128,25.6023939072,53.4542564352),('4C978E50-CBB5-9B56-2BB5-BFE53636C719','CcU-2959','b-2346','2021-07-25 09:39:28',15.90,0,'43, 31, 47',96,83.2353853440,-92.6384123904),('4D8E4891-1711-7D30-E4CB-645A8DF59A43','CcU-2994','b-2326','2021-12-26 00:49:19',365.83,0,'47, 89, 67, 5',120,5.7191532544,-155.3694454784),('4DA5B1CE-E88C-23D1-AE6A-B7589E4FB2D5','CcU-2938','b-2362','2021-03-28 03:01:44',378.86,0,'5',82,39.2186534912,63.5563158528),('4E562A2B-99E9-8C82-2340-B6623BC9FE2F','CcU-3120','b-2326','2021-03-23 14:43:37',409.68,0,'1, 59',273,-65.8033184768,158.0998510592),('4F311D6C-13DC-489A-E153-0E2C9C3C47BA','CcU-3288','b-2422','2021-10-29 03:50:17',411.53,1,'53, 47, 71',272,-55.8743713792,-88.1412839424),('500321C3-A747-2C44-8AE5-5BAC73A663D5','CcU-3421','b-2498','2021-06-15 15:59:59',329.18,1,'29',270,38.0135986176,155.5270841344),('51328349-2536-AB4A-8E97-D2ED2782A7B8','CcU-3778','b-2618','2021-04-21 09:54:06',437.72,0,'43',263,-56.0463863808,94.3282684928),('518D6CCF-593A-8932-BE5B-44597DCDDFE9','CcU-3470','b-2526','2021-07-21 01:08:31',325.89,0,'79, 11',267,48.0228115456,171.9417682944),('51A4866C-484C-5529-8419-B7BBAD4E294D','CcU-3393','b-2346','2021-03-27 09:25:42',447.06,0,'5, 23, 37',104,74.8690797568,-147.0336435200),('51CEA9A2-56AD-C8C8-EBDB-6AF2B74433F3','CcU-3505','b-2546','2021-12-25 07:01:05',239.36,0,'5, 79, 73',267,54.6398471168,98.5172032512),('51DDB2CB-211E-C27A-24C1-239329CA17BF','CcU-3246','b-2398','2021-05-04 06:08:01',481.86,0,'47, 41, 23, 7',272,1.4027832320,-36.9595363328),('5218E51C-E258-BFA4-BE23-AF815F66FAF8','CcU-4219','b-2302','2021-09-07 19:38:45',234.52,0,'31, 67, 97',157,18.9732321280,66.3985398784),('52B1839C-D594-EB3D-4A72-730B1C8B08F4','CcU-2973','b-2242','2021-07-31 21:03:21',364.61,1,'53, 59, 5, 41',275,-55.8150922240,-139.5857887232),('53398420-74DC-B969-5566-4A83B0DDD757','CcU-3435','b-2506','2021-04-09 16:28:45',270.62,0,'43, 7',269,-11.6928208896,-139.3603497984),('5458A436-88C5-7CBD-CEB6-8A4545B12CCA','CcU-4751','b-2278','2022-02-06 10:16:46',273.05,0,'1, 29, 23, 13',203,48.1912762368,-146.1472749568),('55166D02-D74C-6A63-6C54-8678467649B4','CcU-2938','b-2362','2022-02-24 10:01:42',186.12,0,'97, 89, 83',89,-31.5170302976,-168.5745020928),('55B161FA-A6E4-7783-11A3-ABB8930198E3','CcU-3134','b-2334','2021-06-07 22:12:08',412.48,0,'43, 83',272,-47.3147159552,135.2381384704),('55B6A583-1E05-6B1F-BE39-36F44786BEFE','CcU-3463','b-2522','2022-03-09 03:15:58',470.03,1,'17, 7',267,-34.5017210880,-6.4337039360),('5640D665-31C1-9BE7-A745-AAAED5D53F72','CcU-4142','b-2494','2021-09-03 09:59:55',485.05,0,'43, 71',237,-67.6170359808,-100.1424464896),('598EA316-9623-BDA9-6D24-529A830AD995','CcU-3141','b-2338','2021-11-08 16:41:00',227.44,0,'79, 19, 71',272,28.3061554176,-84.7881011200),('59BC588F-9D74-8B8A-A11D-D604A8C086F2','CcU-4352','b-2302','2021-03-25 20:48:18',89.22,0,'7',222,61.4686811136,-29.7213831168),('59C85B8E-4CE0-B66B-4B5D-3A557324E6A9','CcU-4765','b-2278','2021-05-03 15:38:54',30.15,0,'41, 13, 37, 7',202,-21.4987478016,148.8845569024),('5AB20418-79A8-DF6C-D446-BCF5A48CDEDB','CcU-4541','b-2302','2021-08-31 03:44:29',474.70,0,'13',210,65.1785832448,-151.4541513728),('5B0EEF86-B8A1-EFAA-5EE1-27E7DC8F54A4','CcU-2973','b-2242','2022-01-06 00:44:48',42.82,0,'23, 19, 71',275,-64.1136375808,85.2490600448),('5B3327C3-0A6C-EFF1-182A-CD8220923A98','CcU-2959','b-2346','2021-12-28 15:13:14',163.40,0,'61',94,-79.5260705792,88.4186293248),('5B56159E-E3E6-2777-BC01-5659C2A69E96','CcU-4191','b-2346','2021-04-08 19:12:21',466.66,0,'23, 41, 17',96,-51.2746203136,-164.5394365440),('5B60F39F-96CC-8C8D-EA01-E658063A8181','CcU-4233','b-2302','2022-02-28 04:55:03',67.65,0,'61, 89, 3',230,-85.0034826240,-65.4374904832),('5BA81852-2D60-169A-805B-E1FA120E9683','CcU-4471','b-2302','2022-03-13 12:37:34',164.32,0,'3',213,7.3020354560,72.5522111488),('5BAD8B6D-41B2-E757-6396-88D687C6413A','CcU-3925','b-2494','2022-02-22 18:01:28',420.95,0,'17, 41, 19, 43',252,67.1291498496,-106.5371560960),('5C3A8A3D-8974-40A6-A8AF-C1F7AA6B7C94','CcU-3519','b-2554','2021-07-23 13:35:14',158.05,1,'97, 31',267,15.1828036608,165.6621228032),('5CB0C889-D096-D327-ADE7-D111E1E6E2BC','CcU-4198','b-2302','2021-04-17 10:27:01',304.63,0,'17, 41, 67',233,-58.1208118272,137.5055772672),('5DC8DC6C-24F8-36A6-4A1C-60E444EC331E','CcU-3421','b-2498','2022-02-25 20:35:25',61.37,0,'17, 59',270,48.1778124800,45.2784198656),('5E47EB85-1F76-1853-839F-94FCF9A95700','CcU-4807','b-2278','2021-03-25 18:56:52',425.41,0,'19, 11, 61',199,-59.3393489920,15.3332599808),('5E6EC264-1D42-EE1D-870A-497C85828A6A','CcU-3666','b-2618','2022-01-31 11:01:11',492.42,0,'5, 29',267,66.9036684288,33.4446801920),('5E7BBA02-A5B6-C734-D7B7-241D674254A9','CcU-3176','b-2358','2021-07-07 00:25:17',396.15,0,'71, 79, 73, 61',272,-13.0019257344,-115.7905188864),('5E948202-34BC-F107-29DC-306A2C491A87','CcU-4478','b-2302','2021-09-11 12:27:14',133.80,0,'41, 31',213,78.9251759104,-137.8215393280),('5ED6188E-9C6F-3B05-DE49-41543384BDF7','CcU-3981','b-2362','2021-12-27 06:57:55',389.70,0,'11',70,-10.6127114240,-140.1277119488),('5ED7CB81-3126-AD69-E8D8-ACC187976BBB','CcU-3981','b-2362','2021-12-20 07:05:47',481.75,0,'43',74,41.4405007360,71.0664208384),('5F4738BE-B392-A2E2-1E8E-C4A812C6A95C','CcU-2994','b-2326','2022-01-10 04:12:55',253.68,0,'97',126,-57.1143384064,-154.7672162304),('6118B3E9-D9D1-55D4-1A1B-A58CC63845B6','CcU-3463','b-2522','2021-12-16 11:49:11',414.53,0,'19, 71',267,-28.3637183488,58.1402639360),('615195B8-9983-A350-3DC7-A16B5135D68C','CcU-4191','b-2346','2021-07-26 19:18:58',368.94,0,'1, 79, 47',96,-20.1242334208,173.4518612992),('61EC87A4-CF88-B392-F83B-75E7F2C93537','CcU-3393','b-2326','2021-06-01 18:23:57',346.10,0,'89, 53',110,88.4626167808,85.6351249408),('62A399E3-0FDD-2E65-5A95-21D8C59C33DC','CcU-4219','b-2302','2021-05-14 14:10:09',22.92,0,'67, 1, 2',156,-61.2863278080,-4.3183143936),('632BBEE9-4725-E15C-7FC4-5B5D7EC5BD29','CcU-3078','b-2302','2021-08-27 20:13:25',203.23,0,'89, 3',275,45.8950729728,-58.7070354432),('634E63C6-C2D6-EC48-4CCF-6B4A60AAEEB7','CcU-2994','b-2326','2021-09-17 13:02:25',399.71,0,'19, 1',125,-77.8922662912,-167.6832836608),('636C9DDA-453D-B336-FD2E-89A0E48E1C52','CcU-3603','b-2602','2021-12-09 11:30:42',357.08,0,'97, 5',267,-12.1955081216,-162.3607588864),('6434A591-C914-3A5A-A9B5-689653768EC8','CcU-4667','b-2278','2021-05-24 13:58:22',125.08,0,'67',209,58.5726970880,-113.8540914688),('643CF9F8-30EC-537D-2FB9-E5BEAD5717C6','CcU-3267','b-2410','2021-05-17 10:21:08',477.51,0,'7',272,87.1070923776,159.4832423936),('644264C8-A268-C3C5-5929-958C49CBC926','CcU-2938','b-2362','2021-04-18 09:05:12',34.55,0,'43, 1',92,20.9825734656,25.7996456960),('649EF79F-4A7E-BCE8-07EF-243030BE5787','CcU-4618','b-2278','2021-04-18 06:58:58',89.18,0,'53, 47',210,-87.8011629568,18.2674522112),('6575E457-EF8B-B50A-AD85-68ED6FE98BE1','CcU-2938','b-2362','2021-10-23 23:29:53',297.16,0,'19',92,-79.9882245120,-45.7529433088),('659112E3-A432-EF12-DCEE-947A81E53825','CcU-3253','b-2402','2021-09-21 09:52:55',210.73,1,'23, 83',272,-37.9108890624,-167.8728843264),('65A7C3AC-FFFC-3495-95B1-52C38507E523','CcU-4443','b-2302','2021-12-08 14:29:30',387.27,0,'83, 71, 2',215,-78.2398008320,-9.2237047808),('65DB2765-E85D-2B74-2BDA-A8AEFD248928','CcU-2994','b-2326','2021-12-08 08:25:11',140.67,0,'47, 11, 71',126,-19.9162022912,2.6147513344),('65F57592-B32E-1D2E-3466-57D7F1691D0D','CcU-4849','b-2302','2021-06-15 04:26:04',476.75,0,'67, 73, 7',178,-48.6611845120,67.8562206720),('65F73281-0AC6-CE48-6667-1C8E66159728','CcU-4422','b-2302','2021-12-05 03:46:31',329.72,0,'43, 37, 89, 7',217,-12.1196538880,-5.9288523776),('66179D5C-9B8D-5E13-9249-BDC1A35406FC','CcU-4373','b-2302','2021-09-27 10:50:55',433.66,0,'17, 43',220,-7.4683462656,108.3362114560),('663844BA-35BA-11C6-FDCD-598E898EEBE8','CcU-4121','b-2494','2021-07-30 06:36:52',143.24,0,'2, 3',238,21.9626454016,160.7323570176),('66B35B95-C39C-684B-7BCD-CA45E2C7CD4E','CcU-3022','b-2270','2022-01-31 10:33:27',257.04,1,'41, 47, 13, 67',275,-82.7325543424,149.6467051520),('67692B94-E67F-0D25-59BF-D236BD9B4711','CcU-2959','b-2346','2021-11-02 05:39:20',141.95,0,'7, 89',96,63.7590924288,154.2407528448),('683334BD-AA2A-0249-B1E8-2FB4CE44E908','CcU-2959','b-2346','2021-07-17 17:30:35',430.20,0,'67, 43',92,60.7407595520,-39.5520877568),('693EED6A-CD1A-BC0B-B2C6-3DEE6A90290B','CcU-4037','b-2494','2022-02-26 13:00:57',486.54,0,'67',244,54.5161875456,3.5203513344),('69482DC9-4E31-62E0-14AC-05908C632212','CcU-3582','b-2590','2021-12-23 17:01:59',233.45,0,'79',267,10.0089513984,-73.6605658112),('6964B59E-5B14-4E8E-88B6-D3D9A52E1418','CcU-4030','b-2494','2021-03-26 01:09:01',327.56,0,'47, 3, 61',245,62.5660785664,-24.1795437568),('69775872-8509-62C6-FCBC-ECFB6D7D847F','CcU-4611','b-2278','2021-06-23 21:30:01',352.85,0,'3, 53, 31',210,53.4861713408,161.9745810432),('6987DFDB-C49A-A1C3-7236-4258332C794C','CcU-4849','b-2278','2021-12-20 22:43:02',384.05,0,'53, 59, 43',192,2.3003321344,23.0485926912),('69D90229-AD26-43C3-5AAF-8D332D3B3E62','CcU-2959','b-2362','2022-03-16 13:01:36',329.03,0,'67, 29',92,4.0753650688,129.7231412224),('6A888487-255B-B546-907E-AC033DA2B841','CcU-4072','b-2494','2021-08-16 21:43:15',440.09,0,'13, 17, 83',242,-14.4157368320,97.4859517952),('6AAA5BDC-C19A-82CC-EF22-70DEE21ACF9E','CcU-4219','b-2302','2021-11-15 19:17:28',399.33,0,'2, 11, 67',169,46.5653733376,172.0721230848),('6ADF86D5-DD32-BC6F-D157-8C836F5BEF67','CcU-4849','b-2302','2022-03-14 08:23:10',20.33,0,'1',190,26.4978286592,-54.1348856832),('6BB61B4B-EBD8-84AD-EED7-882D166A7A1E','CcU-4849','b-2302','2021-03-23 02:02:51',108.51,0,'19, 59, 61, 83',184,34.7270662144,-178.4175968256),('6CB65FA4-6A8E-0C33-BFB7-2E8E4A775E4B','CcU-4219','b-2302','2021-05-20 09:36:05',257.44,0,'71, 11, 97, 1',160,-3.4361732096,150.0194044928),('6CD4E674-30C5-7F82-7AE5-D8D48E62A684','CcU-2959','b-2346','2021-06-29 08:41:34',317.41,0,'67, 89, 17, 97',93,-72.3520375808,100.9196537856),('6D2CA59B-C6E7-3938-CA4D-3603D23647A9','CcU-2959','b-2346','2022-02-27 23:10:50',186.94,0,'53, 29, 59',92,-36.5585766400,48.9359352832),('6D69D98A-F18A-99BD-BA86-E43C29FC5ECE','CcU-3204','b-2374','2021-05-26 00:33:06',144.33,1,'97, 43, 41, 89',272,-52.3723962368,70.1521872896),('6D891688-E9DE-C3CC-6AE0-B171C08A37D7','CcU-4737','b-2278','2021-11-03 02:53:22',384.48,0,'61, 89, 37, 47',204,44.8151845888,-68.0799684608),('6EECB866-887D-FC95-E094-45DB4943B515','CcU-4849','b-2278','2021-06-22 03:50:31',424.78,0,'43, 79, 23',193,-56.4055895040,108.5547329536),('70152729-0350-F99C-D057-EF42857AA849','CcU-4660','b-2278','2021-04-03 00:46:06',163.79,0,'73, 2',210,52.4175223808,42.5419045888),('70432CEF-BFC6-6827-037C-89013205B2C8','CcU-3302','b-2430','2021-05-11 10:22:18',422.05,1,'47, 31, 3, 53',272,-26.5135981568,-66.3465958400),('7122EA62-2DD9-C622-23C1-B8B555EE5B77','CcU-3428','b-2502','2021-11-11 00:06:41',92.25,1,'53, 11',269,9.8095428608,103.9421081600),('71983A22-79E9-4843-60EB-B935637FFAA4','CcU-3057','b-2290','2022-01-10 12:04:11',155.44,0,'7, 3, 17',275,-80.9933531136,52.5998742528),('71CB87BE-F93E-4877-DF6D-1BD3B312ED29','CcU-3393','b-2326','2021-10-21 18:41:56',441.63,0,'5, 59',110,-27.1211906048,-105.5734203392),('71D61251-11D7-99AE-4465-8E21777B5B91','CcU-4842','b-2278','2021-11-01 19:12:07',174.55,0,'59',197,14.7102070784,30.8801319936),('726E5247-EC79-A415-3409-16A666404C6A','CcU-4219','b-2302','2021-11-18 01:30:15',52.97,0,'41, 61, 1',146,-13.1298954240,-155.4086745088),('72997E96-DC2C-A4D7-7C24-66C302F8AE5A','CcU-2952','b-2230','2022-01-30 14:16:36',239.87,0,'97, 41, 3',275,43.3584055296,-17.6579677184),('72C62199-C17C-9E1F-8AD7-247B81D6D758','CcU-3869','b-2494','2021-09-10 10:07:57',352.24,0,'71, 19, 1, 89',256,-19.5067520000,57.8700445696),('73A71CC9-4812-F2BF-4561-3B248FC6E806','CcU-3470','b-2526','2021-06-16 07:58:07',454.76,1,'67, 79',267,25.6308797440,-65.5359982592),('743280CC-B786-23A5-5E18-15B5E1A9CB01','CcU-3491','b-2538','2021-04-14 22:42:46',169.10,0,'67, 41, 13',267,-73.4585229312,34.2678037504),('748C9977-7E2E-A4EC-B272-C686D159D59B','CcU-3183','b-2362','2021-05-05 05:41:12',364.21,1,'5, 59',272,44.9250109440,-30.5724545024),('74AAB47D-9528-DAF4-D7A8-AC94C74F6997','CcU-4828','b-2278','2021-11-16 21:59:19',163.51,0,'97',198,7.9658769408,-133.5597923328),('7545D580-8332-0024-92F2-6AB47E5C205E','CcU-3288','b-2422','2021-04-26 00:55:40',70.79,0,'47, 2',272,-70.2914691072,-172.7615072256),('75685049-7F29-3D74-733E-571854E7C521','CcU-3498','b-2542','2021-06-15 14:38:00',183.84,0,'2, 71',267,12.3639561216,-107.1690033152),('756BC84B-7652-561D-07A6-E6A5612825D3','CcU-4695','b-2278','2021-04-06 15:06:22',183.60,0,'5',207,65.2379388928,41.6176866304),('75CCE66C-1C7B-8777-4419-467AD80B77C1','CcU-4849','b-2302','2021-05-13 12:26:17',109.80,0,'2',176,-44.1777768448,-177.7639172096),('75DB5267-8C65-77D2-26BA-F5F3BD39C874','CcU-4590','b-2278','2021-07-22 16:38:39',237.34,0,'19, 79, 97',210,-57.9268975616,-143.8641864704),('760EEFBC-3E63-3111-613B-ACC61E1B5136','CcU-3890','b-2494','2021-07-01 18:17:25',121.15,0,'61, 7, 17',255,-79.0219220992,166.2489652224),('7622460B-29BE-594C-8D14-D73DEAD91B94','CcU-4219','b-2302','2022-02-02 15:10:03',239.14,0,'43, 37, 7',162,-58.0788811776,-100.3296871424),('770ECE34-EC9D-34AE-8A96-A8E5749AA037','CcU-3484','b-2534','2022-03-01 18:12:42',155.57,0,'59, 97, 2, 43',267,22.4649758720,-95.0771440640),('77B044E8-522C-7870-18E7-B4458BD7EC90','CcU-3274','b-2414','2021-10-24 22:13:32',389.62,0,'61, 47, 29',272,-84.7013271552,-108.8280443904),('79AEE4AA-8CFA-14A0-53C5-C2143C2A22E7','CcU-3267','b-2410','2022-01-18 17:07:48',444.91,1,'3, 59, 53',272,20.4356770816,115.7327224832),('79B621A9-3FAA-41E4-2845-3DE6532C743D','CcU-3071','b-2298','2021-05-08 23:19:22',400.63,0,'11, 37, 43',275,60.7640276992,-6.0305291264),('79F26AC9-5EEE-1AF1-444A-3A012EDD45EF','CcU-3316','b-2438','2021-06-30 16:07:45',76.95,1,'67, 5',272,-28.4268931072,172.0017336320),('7A0BCF99-A8ED-A7C7-2828-CD30FDC44297','CcU-3596','b-2598','2022-02-08 10:05:05',92.18,0,'17, 61',267,-51.2038091776,-8.9516363776),('7AB09864-E615-84D4-A818-0E6177185C92','CcU-3295','b-2426','2021-04-09 05:53:50',442.32,0,'23',272,18.7004151808,-15.8937441280),('7BA8EED9-5129-BC22-1BBC-1E832192D5C4','CcU-3981','b-2362','2022-02-03 17:30:19',159.14,0,'41, 61',71,-6.7123281920,104.2749416448),('7C90B646-75AD-A3BC-E3D2-6F8F4E935F34','CcU-3001','b-2258','2021-10-13 09:30:20',439.72,1,'79',275,-32.1175229440,9.6778086400),('7D0819EC-7363-6767-36C0-97C7E77D5E65','CcU-3393','b-2326','2021-05-09 13:36:26',158.89,0,'97, 79, 67',107,-26.2615816192,26.8732556288),('7D2C6E68-5951-C198-A567-75D465E7CDD0','CcU-4191','b-2346','2021-05-20 12:53:18',205.11,0,'13, 2, 5',96,-80.3769022464,62.3218327552),('7DC26247-20EC-53FE-E555-B6C2E55CA5D5','CcU-2945','b-2226','2022-02-04 14:52:56',312.50,0,'71, 41',275,58.9367181312,-76.8171099136),('7DDED3A7-4845-57C5-8152-30D7376C10DF','CcU-4485','b-2302','2022-01-08 11:33:45',71.47,0,'59, 5, 2',212,83.6028908544,50.0513198080),('7E6B501B-AD98-1B8B-E7A2-8659C886DBC4','CcU-3855','b-2494','2021-08-10 21:20:28',22.16,0,'73, 59, 3',257,-22.1578309632,-23.3589864448),('7E9C9286-F32B-3CA5-68A3-4A841E3A8311','CcU-4191','b-2346','2021-07-21 10:54:21',69.15,0,'1, 31, 71, 11',96,57.7668217856,-31.2554788864),('7EB174C8-192F-1A8D-2F7A-EF688EB5B597','CcU-4261','b-2302','2021-08-04 18:30:27',144.75,0,'3, 53, 97',228,34.2543087616,-144.1966852096),('8028392D-6B8B-C3A3-4E16-E86603AD4204','CcU-2959','b-2362','2021-12-02 10:11:08',409.94,0,'31, 43, 37, 61',92,39.5092320256,138.7944135680),('802BBC0F-2B3E-0F18-258E-D687B9DDB776','CcU-4429','b-2302','2021-05-18 17:05:30',245.96,0,'41, 71',216,-54.5770277888,111.7113673728),('80776A89-E0D2-A8EA-759B-50427D32BADA','CcU-4191','b-2346','2021-07-09 07:19:16',185.83,0,'89',96,2.1217031168,-29.2614890496),('82406B7B-C498-4FF2-517A-F9A9E3BABF41','CcU-4219','b-2302','2021-10-31 09:07:54',260.23,0,'1, 2, 7',148,-53.1551818752,-72.4675135488),('833D9E90-4125-CC29-1E8E-647F9F17571A','CcU-3680','b-2618','2021-05-04 07:33:32',295.35,0,'3',267,-11.4892433408,50.0640352256),('83A1AA60-721D-6CB6-9857-E794C6EACDF8','CcU-4849','b-2302','2021-12-16 23:04:32',235.27,0,'29, 79',182,-33.5558957056,133.4051599360),('83A757C6-A262-AECA-6AC3-5FBA32AB7329','CcU-2959','b-2362','2021-09-08 20:25:31',212.41,0,'89, 13, 19, 43',92,-55.1607783424,-117.3579845632),('83E6BA9E-E737-37D0-5385-585F1B8A318B','CcU-2994','b-2326','2021-05-24 20:17:30',170.15,0,'89, 1, 53',124,67.1904467968,117.6165398528),('841AC1A0-9CA6-2AF7-EBC2-BC9C77C1EBB8','CcU-3001','b-2258','2021-12-20 01:01:10',428.40,0,'47',275,-39.6528282624,88.7919108096),('842B6344-B4A2-050D-AA31-9A80432A7E37','CcU-3911','b-2494','2022-01-19 04:25:54',202.94,0,'97, 29, 67',253,-29.4618476544,123.2658856960),('8432397E-BCE5-EC1D-67E3-E0F92EDB1777','CcU-3309','b-2434','2021-12-14 12:34:42',192.86,0,'7, 61, 23, 73',272,-81.1295386624,-157.7700215808),('8438C66C-4964-D73D-6839-24F2CDAA5828','CcU-3008','b-2262','2021-03-29 14:15:13',239.75,1,'37, 1',275,39.1595517952,-60.3156541440),('84B8ECA6-A786-91C0-C973-8B730565BFA3','CcU-3393','b-2326','2021-12-02 06:12:35',179.18,0,'11, 71, 17',110,-7.4334290944,-77.4373897216),('85068503-9D65-6978-D3C4-8E4A8A1B9A3C','CcU-2938','b-2362','2021-04-01 05:27:49',306.94,0,'17, 7, 47',85,82.3480390656,-20.5866199040),('85362E53-765A-FFD1-585C-18DA6D644B38','CcU-4583','b-2278','2021-05-29 19:47:10',409.04,0,'79, 61, 5',210,8.9889064960,-78.7205070848),('85390F4A-9A61-3352-7EE3-ABDA9EDC7C55','CcU-3386','b-2478','2021-08-02 20:13:22',223.67,0,'73, 2',272,51.8285784064,-117.3192126464),('85C562AB-DC50-8E93-3D86-47B1B751A851','CcU-2994','b-2326','2021-08-27 04:01:20',134.84,0,'79, 67',126,-58.3416118272,176.2212008960),('8626BAB9-6D87-C136-8E8E-61D3F2FACEA6','CcU-3484','b-2534','2021-07-29 09:04:25',359.70,1,'7, 83, 59',267,-41.8894038016,24.6466080768),('8655F767-78E6-733A-37B9-210CC3D1D4A9','CcU-3330','b-2446','2021-07-23 23:23:07',58.95,0,'61, 67, 3, 23',272,89.4292280320,84.3350732800),('86AA189F-711F-E754-96B9-EB84B2305782','CcU-4009','b-2494','2021-06-13 03:44:34',131.02,0,'3, 37, 61, 73',246,22.1641204736,-127.2512366592),('87076D11-12E5-5E88-342E-BEDBF6EB1DED','CcU-4219','b-2302','2021-10-18 04:36:35',109.19,0,'41, 71, 17',231,-0.0344537088,123.9923753984),('8719DE73-B4B6-3B52-29CE-15B666A73AF6','CcU-3708','b-2618','2022-02-06 09:37:01',411.70,0,'47, 43, 1',267,-57.2433910784,144.0126513152),('873581C1-A079-1277-694F-4E735E854AC9','CcU-4849','b-2278','2022-01-24 11:46:20',23.86,0,'2, 47, 53, 17',195,-57.3571550208,97.0858791936),('8768FDE2-A231-B916-8644-F7DCD13CAFC2','CcU-2952','b-2230','2021-05-06 03:33:39',460.38,1,'31, 71, 1',275,82.4588025856,141.3006697472),('8789DBFB-7C15-7855-8EB3-AF865244277E','CcU-3190','b-2366','2021-06-28 04:10:20',266.04,1,'37, 7',272,82.5384406016,-26.2858222592),('8796C289-D355-1A10-3CD5-ADF327D4642A','CcU-3351','b-2458','2021-05-09 13:16:17',413.50,0,'73, 83, 23',272,-81.8838421504,95.1292093440),('87D22108-C911-AC97-A3BE-B91C1DEEAE79','CcU-2938','b-2362','2021-03-23 00:12:06',415.42,0,'23',92,-25.6402341888,-74.1919625216),('88A74E4E-D317-3F69-86A2-57849C548E71','CcU-2959','b-2362','2021-12-16 16:20:36',412.56,0,'53, 59',92,-6.9985123328,-38.9381155840),('88A92E6E-863C-A9AA-D832-B46BF23597CE','CcU-3981','b-2362','2022-02-14 12:56:12',248.11,0,'13, 2, 31',76,71.6826361856,63.3574863872),('89398CE5-8912-EC57-7649-3F5394C7D795','CcU-3932','b-2494','2022-01-06 23:55:12',415.26,0,'97',252,86.4237585408,98.3236474880),('89A34935-2145-B045-3ED0-1FFAB39DDA32','CcU-2994','b-2326','2022-01-18 10:08:35',172.74,0,'23, 1',135,-21.4545008640,24.6215579648),('8A515ABB-2FED-22CC-CD25-9493530D2EB4','CcU-3834','b-2618','2021-04-28 05:52:09',337.22,0,'43, 47, 31',259,-64.4061728768,67.8772569088),('8A5C0729-BEB4-C999-C36A-A3AC7A0C7B8E','CcU-4849','b-2302','2021-09-30 20:52:36',321.39,0,'31',180,-66.2794311680,105.3086706688),('8BCE9908-6D44-B7DB-D363-D468A2DF3A25','CcU-4093','b-2362','2022-02-16 20:45:08',156.23,0,'37, 67, 23, 83',60,-0.1950178304,22.3898129408),('8C5C40B3-3988-EE44-126E-18147A9E62D2','CcU-3393','b-2346','2021-12-22 04:18:10',123.09,0,'37, 11, 2, 3',106,-32.7337518080,-136.1626254336),('8D5C52B9-42BE-480C-359E-CE36E1916D19','CcU-4849','b-2278','2021-10-17 06:16:53',278.51,0,'61, 13, 2',193,8.7060519936,-112.2445059072),('8D895ADD-5501-2A9C-24DD-2EAEB7AEF1C5','CcU-3519','b-2554','2021-10-27 17:43:57',181.87,0,'61, 43, 1',267,8.5871087616,-34.6615648256),('8EECB926-0A27-9A3A-D0A8-B8FDBC0F8A75','CcU-2994','b-2326','2022-02-23 18:57:53',136.28,0,'67, 37',123,65.9664591872,140.1620261888),('8EEDAC97-5D5C-8649-B476-2F9D9FC28F80','CcU-2994','b-2326','2021-09-08 20:46:19',54.17,0,'59',126,88.7599280128,38.3600350208),('8F54691C-221E-BB4E-4954-5373EE2C959E','CcU-2959','b-2346','2021-06-17 18:18:50',441.43,0,'13, 43',92,7.7445769216,13.0863778816),('91B2C6CB-7955-2967-F37D-10B69368AD3D','CcU-3211','b-2378','2021-07-11 20:45:51',21.24,1,'23',272,-40.7279114240,-95.1389925376),('91C71934-D65D-B4A1-0D5E-670A47DAC93C','CcU-3064','b-2294','2022-01-22 21:09:08',179.40,0,'79, 47',275,83.6934478848,114.2644864000),('9281A912-BC56-8905-9279-FC8BDE2185F6','CcU-3393','b-2326','2021-05-26 15:01:17',341.44,0,'7, 19',112,49.4941755392,-62.5085568000),('92DCEDD9-46E7-9792-FA05-9B193E926C8B','CcU-3400','b-2486','2021-09-29 16:11:38',325.69,0,'61, 29, 47',271,-87.6272432128,-120.9034125312),('935EBFEE-B75C-6C68-4AC3-61351035C549','CcU-2938','b-2362','2021-07-18 06:20:59',20.44,0,'79, 61',80,5.3305776128,-15.6520848384),('943113EA-A763-9D81-0594-37159E119857','CcU-3456','b-2518','2021-11-04 15:38:23',439.91,1,'89, 17, 67',267,76.2816222208,135.9522561024),('95E6F678-3731-28A5-EB21-1A8D2D016BCB','CcU-2959','b-2346','2022-03-04 01:48:32',192.13,0,'31',92,16.5772985344,-123.7768577024),('9679E769-32DC-2591-B893-B4AA2D84E332','CcU-3169','b-2354','2021-06-28 09:22:10',186.34,1,'11, 13',272,47.6643073024,130.2015840256),('96EA5722-F3D4-FA2A-AC8C-865A5A72DBB5','CcU-3974','b-2494','2022-02-23 16:34:55',412.86,0,'83, 79',249,-40.0514497536,45.1180386304),('96EC9CC8-867A-B71B-D61A-934C59DF7514','CcU-2959','b-2346','2021-06-25 21:13:04',391.62,0,'67',92,-27.3787765760,22.8249575424),('971B44E4-D8B9-4553-163B-E41EB6A0637E','CcU-4191','b-2346','2021-07-17 22:04:44',444.00,0,'17, 73, 2, 97',96,69.2838938624,-117.9512696832),('97A22779-F07C-91C1-2331-BCBAD44EBA4B','CcU-3085','b-2306','2021-12-02 02:22:01',466.55,1,'43, 23, 61, 3',275,43.0793683968,84.9661696000),('981D2677-9924-A1A0-8A23-2AE7E988A7B7','CcU-2994','b-2326','2021-09-05 08:02:00',63.93,0,'3, 17',126,-10.5975128064,50.7339298816),('9833DD1C-702C-A8A7-FBA6-ABCA470DF7BE','CcU-3393','b-2326','2022-01-06 21:25:58',472.18,0,'79, 97, 17',111,-84.9792142336,128.7663127552),('9A58B3E0-1E27-94E2-6487-9A63F07BC833','CcU-4856','b-2278','2021-08-11 00:02:29',380.79,0,'17, 97',196,20.2527449088,-82.4442075136),('9A993DCE-716B-D784-9192-285C2A490AE8','CcU-3393','b-2346','2021-08-28 21:40:17',193.64,0,'61, 11, 23',105,66.7095329792,-105.2913397760),('9AB66BAE-D007-3BD8-C34B-93C854E6715C','CcU-3806','b-2618','2021-12-03 16:30:24',20.93,0,'43, 3, 31, 5',261,60.2006138880,143.2816917504),('9B487518-5BB7-8169-CD02-3E3992459539','CcU-3414','b-2494','2021-09-20 20:02:17',318.91,0,'41',270,53.8688925696,95.6111263744),('9B6B74E4-92EC-1E1B-908B-3C611E43611D','CcU-3344','b-2454','2021-07-15 04:35:10',444.16,0,'97, 71, 2',272,23.1261847552,165.4530667520),('9B7D1DBC-1A36-4DBA-BB0F-CD7616DE3C4B','CcU-4821','b-2278','2021-06-20 04:31:33',256.10,0,'73, 53, 79',198,23.5212214272,156.4986651648),('9B9F8626-8BA7-45E2-CE6D-CD16D0ED80E4','CcU-2938','b-2362','2021-07-03 17:56:27',372.23,0,'23, 67',92,55.3320140800,16.3458040832),('9BC43721-DD11-4539-AA84-D544F911251E','CcU-3897','b-2494','2021-08-02 15:13:09',384.10,0,'97, 19',254,-34.8836578304,81.0348561408),('9C11DE85-F985-D119-4664-15D448C5E913','CcU-4786','b-2278','2021-12-13 14:22:11',56.27,0,'19, 29, 13',201,3.4505225216,-128.5296928768),('9C4B45E7-C159-18E5-DB43-9D6F897775D4','CcU-4240','b-2302','2021-12-21 07:02:37',183.11,0,'89, 1, 97',230,-4.9545081856,6.0161166336),('9CB62BC2-FFA6-449F-59E4-379EDA5F29C6','CcU-3211','b-2378','2021-08-08 18:59:10',448.44,0,'29, 61, 71, 47',272,-59.3929253888,65.4921740288),('9CEA5069-EEDB-11BB-F8DE-9E8585CA56B8','CcU-4849','b-2302','2021-06-26 13:52:41',308.12,0,'73',188,-51.9751644160,116.5843026944),('9D38BED9-558B-EF5A-E4B3-C9668587A15B','CcU-2994','b-2326','2021-11-19 19:02:27',178.59,0,'67, 2, 47',122,81.8237211648,76.2950119424),('9D4AB77C-9F51-FD95-EAB4-A37163E6D3E2','CcU-4506','b-2302','2021-04-29 00:25:49',111.51,0,'23',211,-89.1289788416,-103.2163822592),('9DED76AE-FE36-ACC3-7377-AE98A6D95247','CcU-3904','b-2494','2022-02-13 14:13:38',408.58,0,'47, 61, 73',254,70.9875814400,113.6198137856),('9E14CE6E-A32B-E693-2D42-F12C6DEB4308','CcU-4219','b-2302','2021-05-20 15:28:37',95.59,0,'3',150,-64.6252282880,-153.8290961408),('9E97F534-962D-5B43-9AAA-24533FB7EDBD','CcU-4156','b-2494','2021-10-07 21:09:32',126.77,0,'19, 3, 31, 23',236,5.8776849408,7.5937800192),('9EE639A3-2836-87C2-207F-AF3941834DB2','CcU-3393','b-2346','2021-08-09 06:17:46',368.83,0,'19, 7',100,-77.4476684288,-1.1697086464),('9F698741-2C27-2C18-9CD3-E3C7F9FBE1CB','CcU-2959','b-2362','2021-12-10 16:54:22',84.20,0,'29',92,79.1861485568,-103.3300302848),('9FBB3D61-D3C2-E5BB-4BC3-6CC83C718D34','CcU-3540','b-2566','2021-04-19 19:33:41',490.19,1,'53, 17',267,75.2116721664,-171.0446561280),('A02DC5D8-F7C6-EAE3-C038-32488538F6BD','CcU-3393','b-2482','2022-02-19 16:24:18',153.89,1,'47, 61',272,9.9666479104,-108.7093442560),('A095D2D2-BE1A-6673-3369-5951992C967B','CcU-4569','b-2278','2022-02-05 09:06:54',37.99,0,'2, 71, 23, 13',210,75.4757128192,-160.2197127168),('A11EE195-49D1-4B36-28B2-47DD1541A2D4','CcU-4191','b-2346','2021-12-22 18:38:07',422.63,0,'29, 71, 61',96,38.5326049280,-77.3225945088),('A143CEC3-5F73-4A92-BBEC-48125E1A9C17','CcU-3715','b-2618','2021-08-15 13:02:18',175.13,0,'71, 41, 11',267,39.8874615808,-145.7331158016),('A14C4361-9AC9-A3E7-7B1B-73BA6A3D23D7','CcU-4387','b-2302','2021-04-11 09:51:48',125.91,0,'89, 2, 97, 37',219,35.2215217152,-66.9265099776),('A1701A12-426C-3632-A533-974AD887466A','CcU-4191','b-2346','2021-04-05 05:39:08',384.42,0,'83, 19, 29',97,-22.1943475200,107.4763024384),('A1AACB02-187B-2BD6-6181-B215A93B1B39','CcU-4065','b-2494','2021-04-21 07:37:50',277.38,0,'79, 13, 2',242,-14.0413711360,179.9500165120),('A1ABDB2E-4E96-3D0D-2E4C-B19425290943','CcU-3344','b-2454','2022-03-02 18:42:05',443.11,1,'53, 1, 67, 73',272,24.7104031744,163.1903305728),('A2689A2C-722B-9357-886D-2DDA864E246D','CcU-3533','b-2562','2021-10-31 15:33:30',241.48,0,'17, 23, 13, 89',267,81.2377033728,-56.2813515776),('A2CD7827-4C8D-9E71-8549-262833307BF1','CcU-4093','b-2362','2021-05-25 12:06:45',460.82,0,'31, 97, 73',61,-4.3387579392,6.8932369408),('A31B0B35-6658-6805-353E-88479B3E4FD7','CcU-4149','b-2494','2021-12-18 00:59:18',292.62,0,'79, 1, 61',236,19.2220774400,151.1219766272),('A324A47C-7E94-548E-E352-7BD8671E41B3','CcU-3393','b-2326','2021-12-13 11:29:15',109.78,0,'7, 3, 2',113,22.2154905600,38.8369730560),('A38992C3-9B3D-C35C-3AC8-477132B4904D','CcU-3442','b-2510','2021-07-25 02:37:04',451.29,0,'1, 2, 31',268,19.7848306688,-25.0281886720),('A4534186-6CA4-E81C-26E1-896861685ED9','CcU-3393','b-2326','2021-06-06 09:57:32',58.14,0,'37, 29',114,-13.0856718336,-151.4073978880),('A483C535-9E4F-6D72-D568-B496DAB0DE56','CcU-4849','b-2278','2022-02-18 05:37:15',418.45,0,'71, 73',196,32.5816444928,-44.8112001024),('A4848E54-0F7C-7164-6C3F-631F96747C52','CcU-2994','b-2326','2022-01-23 16:40:13',83.87,0,'47, 71, 31',126,0.7760250880,-80.4414107648),('A4D0D84F-4622-BB83-E6B6-51E545D4A217','CcU-3533','b-2562','2021-05-14 14:59:27',395.81,1,'7, 71, 43, 2',267,-24.6403829760,-69.8769690624),('A518C6E6-C671-53D0-FD31-929866A32E35','CcU-3050','b-2286','2021-07-19 05:13:52',123.94,1,'31, 11, 71',275,-2.3211774976,-167.9137697792),('A6240105-79C6-DD54-28A1-0164B6CE6767','CcU-4849','b-2302','2022-02-26 16:04:53',420.59,0,'47, 67, 53',179,-29.9044044800,-179.3341416448),('A6EBADAE-2E18-2FD5-0359-C3C2BBDBAB04','CcU-3400','b-2486','2021-04-21 06:51:28',328.03,1,'71, 2, 79, 83',271,-29.5855183872,-164.9326187520),('A780B6A7-8EFF-9DBD-2024-FC4E3AE5DE27','CcU-2959','b-2346','2021-04-14 14:55:05',336.19,0,'11',92,-34.0057251840,76.9450354688),('A82B7A4A-9176-A612-248B-6BD8D384766D','CcU-4513','b-2302','2021-09-29 23:39:45',436.59,0,'53',210,-54.0966578176,-44.9177142272),('A84B14A2-2964-EFDE-A234-52B8BCAD87B7','CcU-3246','b-2398','2021-08-23 19:50:05',464.29,1,'97, 89',272,54.5119351808,-173.7835870208),('A8748759-CE49-BEDD-D5B3-EB5B3C38A2A5','CcU-3274','b-2414','2021-03-30 15:05:54',261.05,1,'43, 67',272,7.5408648192,-149.6746314752),('A89CF3B1-ABAB-63E4-220B-3549EB570544','CcU-4604','b-2278','2021-04-15 20:27:02',252.96,0,'83, 73',210,85.0343559168,-15.5086221312),('A89D4669-57D3-2ED8-5E49-BDC1293B0BBB','CcU-2959','b-2362','2021-10-28 14:28:20',122.90,0,'43, 97, 47, 13',92,51.9699966976,5.5534844928),('A8B58331-8394-8277-4654-F95887136692','CcU-3477','b-2530','2021-07-16 00:28:34',54.22,1,'79, 11, 3',267,-36.2934695936,-87.0840581120),('A8E203DA-9A20-2DA7-29E3-D8559BBECC95','CcU-4268','b-2302','2022-01-25 13:16:47',355.63,0,'71, 83, 17',228,2.1992647680,75.1688940544),('A9225721-1D92-9A16-A4B4-751134C5E702','CcU-4380','b-2302','2021-12-12 15:40:06',390.10,0,'41, 79',220,86.4803894272,59.8234584064),('A92944E6-9C59-141E-3F91-66B3C9EDCC31','CcU-4191','b-2302','2021-11-30 03:01:22',95.69,0,'1, 29',233,-74.5228304384,137.9875517440),('A993ECC6-B915-5796-8B2A-8191DF52588E','CcU-3162','b-2350','2021-11-12 08:46:07',45.04,0,'79, 17, 3, 53',272,-20.7061171200,140.1890896896),('AA1C1C48-FF62-DE8E-AF15-B183B5BD166D','CcU-4723','b-2278','2021-06-30 19:25:10',458.68,0,'71, 17, 3',205,66.2813668352,-144.3004323840),('AA6CA954-0AF1-D69E-6BEF-6B5B168C1A82','CcU-4191','b-2346','2021-08-13 09:46:56',221.11,0,'23, 83',96,86.7347604480,83.5489742848),('AB069F53-965E-A2A8-CE06-CA8C4FD92501','CcU-2959','b-2234','2021-04-15 11:37:18',60.99,0,'11, 13, 61, 29',275,1.6481916928,-158.0065729536),('ABB45963-34C7-8C51-4A76-CCD0DD05F548','CcU-3218','b-2382','2021-07-16 21:22:43',250.91,1,'19, 23, 43',272,-85.1910248448,-136.8641506304),('ABCD2C8D-21D8-2EBB-5A47-E0D7E7A5D64E','CcU-4135','b-2494','2021-12-24 15:06:12',384.03,0,'31, 43, 73',237,-24.6938767360,170.3354256384),('AC272DC8-737D-FBB0-548A-B09582C1C00F','CcU-2994','b-2326','2021-10-09 12:36:11',354.45,0,'47',130,1.3991277568,-2.8353077248),('AC777376-9329-BE65-285C-505D7C83A262','CcU-2938','b-2362','2021-07-27 15:14:52',330.07,0,'23, 97, 61, 83',83,-14.0843895808,-37.5475961856),('ACD2011A-A2B1-C365-41E1-2AB00C65147A','CcU-2980','b-2246','2022-03-05 19:41:20',60.07,1,'2, 83',275,-54.4791816192,-82.7974139904),('AD85A78A-8829-5746-93A0-8B7A792EBC18','CcU-2938','b-2362','2022-03-12 08:23:10',263.59,0,'2, 3, 29',92,25.5502450688,-142.6244872192),('AE7467A8-B8F4-6E7B-D41D-C426E4F16B75','CcU-3239','b-2394','2021-08-16 18:16:44',116.80,1,'61, 3',272,23.5104983040,-131.8226304000),('AF4491D0-A15D-BAAC-4D0B-42B3F645632B','CcU-4191','b-2346','2021-10-15 06:14:49',428.86,0,'11, 79, 37',96,70.1093013504,-104.2206225408),('AFE3C197-0B9C-985B-D146-571CD7BEF7FB','CcU-3946','b-2494','2021-11-07 12:32:50',129.50,0,'41, 47, 73, 2',251,42.5804419072,5.9831937024),('B03C0BC7-28F4-D474-8928-523B19A93E7C','CcU-4499','b-2302','2021-06-28 06:39:34',397.29,0,'1, 59, 29, 43',211,89.0823192576,-97.6282752000),('B0597154-5E41-5A87-4B0E-A8E57353C5E8','CcU-4744','b-2278','2021-10-21 11:37:52',320.52,0,'41',204,80.5111172096,-14.0077060096),('B1ED4136-DA1A-6BF3-4C61-7A575F624670','CcU-3393','b-2482','2021-06-09 14:23:11',22.19,0,'23, 71, 29, 5',272,-71.5791250432,-40.9086515200),('B220187A-2A9C-0384-EEA1-DD917F11C94F','CcU-3393','b-2326','2021-09-07 02:13:28',466.46,0,'53',115,0.9202272256,25.7309387776),('B2C86E4D-8267-F19E-171E-FA48BA22C973','CcU-4191','b-2346','2021-10-03 21:39:52',132.80,0,'17, 11',99,89.7861864448,146.8397173760),('B31AC3BB-1529-B0CE-C385-41CDFF671921','CcU-3981','b-2362','2021-08-09 04:29:19',114.58,0,'11, 17',67,29.6428328960,-158.1350552576),('B3B7F2C7-AC19-929C-EEC2-8333E6EBE781','CcU-4191','b-2346','2021-08-03 07:14:56',398.82,0,'17',96,-80.0100667392,-165.1527592960),('B3CE84BA-2A5C-226C-749F-ECCDF91F19CE','CcU-3281','b-2418','2021-07-22 19:28:48',320.14,0,'17, 1, 11',272,-87.9506374656,-176.5752183808),('B3E58105-C56C-816E-C133-8F2D7940B0E4','CcU-2994','b-2326','2021-04-30 15:56:01',465.97,0,'2, 79, 59',119,-0.2791235584,21.2832589824),('B4793303-EDF5-4F53-39CB-AA6A2877CDF9','CcU-3575','b-2586','2021-12-18 11:48:42',45.36,0,'37, 79',267,57.7245380608,62.9421807616),('B4E1213B-8B35-9D9A-DD7D-93EBC7BCD7FF','CcU-4086','b-2494','2021-10-07 17:16:47',492.25,0,'83, 17',241,69.3196226560,86.2164658176),('B4F9ED4C-DEB5-266B-1A61-1A1965A10118','CcU-3379','b-2474','2021-07-27 22:44:27',158.50,0,'89',272,65.0690668544,-55.9025476608),('B529B64A-B491-BDD1-75BD-CC362A009B58','CcU-3232','b-2390','2021-05-14 05:37:39',289.51,1,'37',272,16.6111968256,32.6765908992),('B53165B9-7C93-0783-641C-5EA94E4C8683','CcU-3302','b-2430','2021-07-20 08:12:15',164.86,0,'71, 53',272,-11.1418186752,-166.0740972544),('B57F59CF-8350-864C-ECD4-652F5E7882FD','CcU-3113','b-2322','2021-09-17 11:00:00',43.11,1,'89, 73, 2',274,5.5939728384,65.5966336000),('B586C7E1-2C13-BFA1-77D2-5DD13CCEA898','CcU-3988','b-2494','2021-03-26 14:26:48',140.98,0,'83',248,-12.5372894208,-131.8916312064),('B5C49D11-1D34-4B90-209F-803CBA1CE91F','CcU-2994','b-2326','2022-01-07 20:46:38',113.23,0,'43, 67',126,-82.1022799872,-62.8648525824),('B62D17A8-456A-A5B2-88DB-25314036778E','CcU-4212','b-2302','2021-05-12 21:22:59',421.00,0,'31, 3, 2, 79',232,-34.5861181440,-36.1162278912),('B6B96082-ECDB-22C1-C413-6E14E8078EC6','CcU-3260','b-2406','2021-07-13 09:55:05',356.85,0,'43, 83',272,33.0893403136,156.1172289536),('B6E5AB03-1D98-EE7D-108D-E0A2965AB147','CcU-3036','b-2278','2021-08-17 08:19:03',353.25,1,'83, 37, 11',275,-43.6505829376,-131.6819802112),('B6F30493-40C3-5391-8A92-5217B10C391A','CcU-3876','b-2494','2021-05-12 19:04:04',233.47,0,'67, 17, 97',256,-56.0850121728,-166.3325115392),('B7626077-B74D-45A8-E3EB-EF331AA53ED8','CcU-4702','b-2278','2021-11-23 01:16:57',400.52,0,'79',207,56.7575719936,-29.4415505408),('B86A5793-A474-8B73-EB69-63FDD4809AC4','CcU-4800','b-2278','2022-02-03 16:43:46',210.54,0,'41, 53, 2',200,38.4503477248,-5.7679593472),('B8B813FE-E89E-C046-17CB-94E9DEE597C1','CcU-4023','b-2494','2021-03-17 15:23:23',479.00,0,'19',245,-47.0238197760,-3.2158969856),('B8DD4087-8749-D9A1-4E81-C28FBFD76C94','CcU-3981','b-2362','2021-09-02 08:50:28',424.18,0,'5, 13, 47',78,-35.0168762368,-137.6801022976),('B98FC9AE-1B20-44D3-2C59-EC4D2FE9AE17','CcU-4394','b-2302','2021-10-20 13:40:05',328.64,0,'43',219,-24.9155170304,-107.6747167744),('B9A3856E-B2FE-F957-CC3F-F3473D2B5CFE','CcU-3155','b-2346','2021-05-10 10:13:51',455.64,0,'61',272,-23.9967936512,-53.9415194624),('B9D1E653-C396-DBE8-09E6-D754A877104E','CcU-3386','b-2478','2022-02-19 10:35:41',131.21,1,'13, 37',272,73.3401110528,-153.8094820352),('B9D9B488-E843-C5AD-FB5B-2F4DE894EA53','CcU-3512','b-2550','2021-10-26 09:35:29',308.99,0,'37',267,66.2626398208,-151.0586621952),('BA1BE1BA-AAC8-FD6C-3C74-A77E375AE85D','CcU-4219','b-2302','2021-08-13 22:39:56',474.76,0,'41, 7',143,2.4991508480,-16.1739773952),('BA338D01-C4D1-6F43-DDF8-5EC8C8B8384B','CcU-3393','b-2326','2022-02-05 14:36:28',187.19,0,'53, 97, 73, 2',109,-34.5538674688,-89.1280589824),('BA91684D-74AA-3BB6-148B-346B6EAD1937','CcU-3554','b-2574','2022-01-07 17:52:34',111.64,0,'61, 1',267,-2.0354372608,-169.5632855040),('BABBBE60-3709-7C4A-B5E1-74CB260A93EA','CcU-2994','b-2254','2021-08-13 11:44:05',321.29,1,'1, 2, 79',275,-46.7229174784,42.0159440896),('BB19787C-ACBC-786D-FA21-3C1C73B3027B','CcU-4219','b-2302','2021-10-25 19:26:02',411.64,0,'41',174,-44.0068482048,-70.5731263488),('BB611D65-521D-E30F-94C8-1CD1EDE9CC28','CcU-2994','b-2326','2022-01-28 07:06:27',123.25,0,'59, 7',126,89.5344712704,29.5245232128),('BC2B9A38-77B4-28CD-1FE8-14DED863E773','CcU-3092','b-2310','2021-10-18 05:27:35',477.95,1,'79, 47',275,-78.0294714368,18.5294777344),('BC9E5393-485B-418E-6E9C-CB454E934224','CcU-4219','b-2302','2021-06-23 08:57:10',458.52,0,'79, 31',144,29.2279081984,164.6556050432),('BCCE274A-5F25-CF12-1566-492ED48D8211','CcU-3953','b-2494','2021-06-14 18:04:29',462.74,0,'17, 11, 2',250,4.9121705984,-146.5951644672),('BCD57868-7187-DB86-BAE1-EB3E6EEC3B48','CcU-2994','b-2326','2021-10-30 05:40:28',344.32,0,'79, 83',126,39.4905180160,-172.7978750976),('BD41DCE3-9AD6-D311-63A8-4B7488584F8A','CcU-3330','b-2446','2021-04-11 06:38:48',387.74,1,'3, 59, 79',272,60.8175257600,25.2117036032),('BD440E6D-FC5B-A13F-251E-B745CEB24F04','CcU-4205','b-2302','2021-10-29 15:05:27',54.45,0,'73, 47, 19, 5',232,13.4323605504,107.4682507264),('BEB017E6-42B6-10EA-3295-42CA3DD78302','CcU-3820','b-2618','2021-09-03 22:01:13',223.57,0,'5',260,-65.8667557888,155.4376084480),('BEBBC256-9696-1AAB-2C73-D2F3775301A9','CcU-4219','b-2302','2021-04-12 13:28:54',346.46,0,'59, 53',159,-34.1831044096,-7.0475633664),('BEC27123-5319-528A-52CB-33933AEC1724','CcU-4639','b-2278','2021-12-13 03:20:21',368.86,0,'67, 59',210,1.9701321728,16.1399936000),('BED35659-8521-645B-95C5-F58B732FA6C0','CcU-4849','b-2278','2021-08-01 12:00:12',80.34,0,'83, 53, 97',191,36.8500596736,-89.3791632384),('BF0BA28B-355D-412E-089C-B152516DC965','CcU-4219','b-2302','2021-03-26 12:46:28',485.31,0,'13, 61, 23, 3',171,67.3245003776,114.0919050240),('BF10E3BA-63C3-FAC2-BAE8-D82186EC7A9A','CcU-4758','b-2278','2021-03-30 15:21:34',283.97,0,'47, 67, 53',203,54.7725978624,-147.2525985792),('C0343DE8-E34C-4532-BE22-2F2E6BD34D73','CcU-4534','b-2302','2021-08-04 10:56:22',253.23,0,'5, 13, 67',210,-36.7257500672,74.4537163776),('C0B1ABC1-0C03-5C27-977E-A5EC13EED863','CcU-3736','b-2618','2021-11-02 05:21:32',171.43,0,'41, 1, 23, 3',266,-3.6879847424,-5.9640431616),('C0B617A7-A5B1-AF49-C9A2-8112974C4957','CcU-4219','b-2302','2021-08-10 19:43:34',18.41,0,'43, 17, 73, 23',165,-74.6637198336,-52.7904103424),('C0E79971-4E7D-C876-ABE5-5402A7162951','CcU-3148','b-2342','2022-01-26 16:28:29',354.28,0,'37, 17, 5',272,-2.2297613312,-7.4983288832),('C1A3EAD1-4BB7-343E-9542-DCB248FA39CE','CcU-4114','b-2494','2022-02-28 07:09:21',410.49,0,'11, 5',239,70.7074370560,-160.9202233344),('C1DCC32D-E42A-F2D6-17AD-FF4A639A9B5A','CcU-3512','b-2550','2021-12-22 07:35:00',59.63,1,'71, 1, 47',267,-63.6502286336,-45.7184413696),('C2248CED-C28E-6A93-6AF4-C33CF738471B','CcU-3841','b-2494','2021-08-27 08:25:34',420.06,0,'7, 2',258,46.1832904704,-141.2795270144),('C3516B1E-4923-B2DF-E6E2-B07548480CCF','CcU-2938','b-2362','2021-09-17 22:31:49',247.13,0,'17',91,27.7145867264,133.7281160192),('C367DD1C-B8F0-5870-E9CF-9ED298A60A6E','CcU-4100','b-2494','2021-10-01 06:28:12',219.70,0,'43, 97',240,-6.6221838336,-29.6777021440),('C40174D7-1EBC-29B2-2F70-53236CA24369','CcU-4219','b-2302','2021-06-14 07:53:07',444.82,0,'67, 83, 59',145,-19.4068745216,160.6605232128),('C56D5792-57D2-19E4-A43D-80D362E62879','CcU-3764','b-2618','2021-09-10 23:08:44',325.08,0,'7, 47',264,69.8921298944,-141.3010291712),('C65220DF-35E3-CC92-34D5-E9469AB61042','CcU-3498','b-2542','2021-09-04 13:52:50',57.04,1,'23, 2',267,-86.1285084160,-1.5043323904),('C655DD05-66BB-282B-2234-EB6345C625E4','CcU-2994','b-2326','2021-07-27 03:46:49',24.50,0,'53',134,27.7682521088,4.0159194112),('C65A7836-4EC2-7C17-E22C-04D8D54A5B1A','CcU-3295','b-2426','2021-05-11 15:27:30',160.78,1,'73, 5, 83',272,60.6937692160,-76.8282565632),('C79B917A-76A1-9A57-A9DF-D8CAD4C91684','CcU-3085','b-2306','2022-01-04 07:21:53',15.05,0,'83',275,28.4279876608,96.7118838784),('C88532CB-7A60-CE22-AFD3-6A8B641C8D7C','CcU-4849','b-2302','2022-02-18 19:33:36',23.35,0,'19',181,7.5702027264,-164.9054988288),('C9185110-96F7-193C-D4B4-D1086A63744A','CcU-2938','b-2362','2021-10-17 01:52:48',390.67,0,'53, 89, 23',86,-39.3218968576,-10.4055994368),('C9BD3AC8-CEEE-D5CD-1338-6375C2F1E69C','CcU-3057','b-2290','2021-05-29 10:44:03',238.19,1,'11, 79',275,49.6029216768,54.0765270016),('C9F594B6-A163-7553-D216-DEAC68EAB680','CcU-4303','b-2302','2021-07-31 22:18:03',300.77,0,'5',225,36.1253275648,91.7643006976),('CA264293-D392-1E21-1BCA-16CEA88D875A','CcU-4219','b-2302','2021-12-03 12:11:52',171.43,0,'89, 61, 11, 97',168,-49.6402859008,-41.8468539392),('CA515AD3-5A34-6966-073E-1D231CE56678','CcU-4709','b-2278','2022-03-15 15:24:37',25.78,0,'2',206,80.0508132352,-167.6021616640),('CA8EDD4B-5EC5-8447-3804-20B27924B221','CcU-3456','b-2518','2021-08-11 09:49:42',26.21,0,'73',267,-74.8242696192,58.2284633088),('CAA74261-A8B4-9FAF-C71E-D439262C143C','CcU-2959','b-2346','2021-10-02 21:36:30',423.27,0,'37',92,72.0396864512,164.1177127936),('CAAD217C-D2CC-C0D3-7D3A-95D6A32383EB','CcU-3540','b-2566','2021-06-01 21:01:05',280.34,0,'79, 67, 29',267,-38.5583654912,100.3831895040),('CAD3A46C-AA37-967D-A1BA-5C490488D9AC','CcU-3981','b-2362','2021-06-17 12:32:44',21.97,0,'41, 97',75,-24.9745613824,58.2050232320),('CBEB6D56-317E-1FA2-55D1-31B5C769C6C7','CcU-3477','b-2530','2021-11-29 20:51:24',173.34,0,'2, 23',267,-86.0177085440,-50.9870491648),('CC77BEEC-E348-8BC9-BE81-46F75404E183','CcU-3792','b-2618','2021-05-16 07:37:38',286.85,0,'71, 37, 47, 7',262,40.4460454912,-71.6378425344),('CDB26CD6-B89A-8EDD-E1BE-A332460535C7','CcU-4191','b-2346','2021-09-16 10:38:29',55.50,0,'37, 13, 89',96,41.0230871040,66.8641131520),('CDCDE7A5-39CD-9ABD-59D5-71641582C825','CcU-3568','b-2582','2021-05-28 15:07:31',289.04,0,'1, 13, 67, 11',267,48.5640369152,-39.7659315200),('CDF1E4E5-1A4D-54CD-8734-D48AC4C3E5E6','CcU-3113','b-2322','2021-04-24 13:25:29',261.35,0,'37, 43, 31, 5',274,-13.2270960640,-55.1560356864),('CEBC8755-77B1-722D-A899-E86B58B837BC','CcU-4170','b-2494','2021-07-26 07:49:37',257.36,0,'97, 67, 19',235,65.8541590528,84.8687045632),('CEED5D49-B28F-49A6-E967-9E7F74864190','CcU-3393','b-2346','2021-09-09 00:41:00',107.30,0,'19, 71, 41',103,-75.2028557312,73.2142086144),('D1389977-A7AD-1B56-1DE4-E2E94741D40C','CcU-2994','b-2326','2022-03-10 02:43:25',226.10,0,'1, 5',127,-8.7274050560,37.9599656960),('D1573887-B075-C061-BEE5-FDEB8AC7B74F','CcU-4625','b-2278','2021-10-12 04:03:17',93.78,0,'61, 37, 41',210,10.3428340736,62.4797922304),('D1B245BE-2D26-CA7D-C357-027A6D27A0A1','CcU-3323','b-2442','2021-08-10 03:53:00',33.40,0,'83, 67',272,-89.3803898880,145.0691058688),('D1E3CC8F-C783-2C23-1ED2-EBA82281C666','CcU-3617','b-2610','2021-06-30 19:07:53',406.11,0,'79',267,-8.5768101888,-53.3696371712),('D20BBC5C-8161-1D3B-E15D-243D51B563B6','CcU-4849','b-2302','2021-05-30 13:11:57',151.15,0,'61',189,-38.3104818176,111.2327752704),('D233A5A4-E618-32AA-B9CB-55C7A8E84359','CcU-3323','b-2442','2021-11-25 06:14:27',21.93,1,'17',272,83.6613469184,-177.4335742976),('D271975D-77F6-485C-4E2D-C43DA27AB787','CcU-4401','b-2302','2021-11-13 11:53:22',132.09,0,'7, 59, 2',218,71.2023398400,164.4390736896),('D2BA2DBB-ED84-B809-6198-E8461BE35646','CcU-2959','b-2362','2021-04-21 21:05:52',77.16,0,'37, 3',92,-23.9645498368,-137.0453851136),('D33B21EB-A61E-BD8C-5DE7-1DA4AC210AE6','CcU-2994','b-2254','2022-03-02 12:29:50',20.35,0,'17, 13, 73',275,5.2730230784,5.0613125120),('D3470F3E-9683-799A-40F1-E42C143BAC5A','CcU-3008','b-2262','2021-11-29 18:06:42',379.14,0,'1',275,-62.8359631872,-17.7126681600),('D3831AE1-A50D-1541-AF7B-EE75529F278A','CcU-2938','b-2362','2021-05-18 23:05:28',234.74,0,'23, 67',92,51.6834575360,146.8069909504),('D39499A3-A9B6-36B9-2B8D-25AF340EDEEB','CcU-4254','b-2302','2021-11-15 11:02:01',393.51,0,'29',229,58.3625318400,-138.1020307456),('D3C579AE-FA77-6234-9843-6DA39D6E329D','CcU-3981','b-2494','2021-03-29 21:54:35',432.22,0,'7, 1',248,75.1068960768,-19.2164516864),('D52157FC-58FC-68E6-91D4-CCB11178F8AC','CcU-4548','b-2302','2022-01-19 01:45:09',116.94,0,'19, 1, 29, 97',210,14.8365075456,71.2127867904),('D5DA371A-BD48-CFD9-37FC-A5CA45B97B5D','CcU-4079','b-2494','2021-08-15 05:25:13',37.80,0,'7, 53',241,-12.4447255552,-139.6697594880),('D5E51BD3-4284-8097-8887-4A656C3992A8','CcU-3918','b-2494','2021-04-16 13:40:50',290.47,0,'1, 23',253,-44.9373488128,87.8009819136),('D616D488-341E-C82E-5137-12B8B0E79C77','CcU-4849','b-2278','2021-10-20 14:28:26',312.47,0,'79, 73, 41',195,69.8381187072,-145.1045574656),('D6419ECE-BE11-7DFE-DEC7-1A2E695B19EB','CcU-2966','b-2238','2021-06-02 04:19:00',401.53,1,'13, 83',275,-28.2176536576,-72.0755146752),('D662DF87-90B7-8C73-CD48-FA68399392C9','CcU-3967','b-2494','2021-09-05 13:32:54',152.42,0,'97, 29, 13',249,84.3342129152,34.4783694848),('D69CE9B1-EA51-56DE-7A5A-496B1F63D112','CcU-4002','b-2494','2021-10-04 05:52:00',339.88,0,'17, 43',247,2.1502221312,174.5023266816),('D6EB93C6-5733-84C8-FDD6-57BA4136E528','CcU-3526','b-2558','2021-04-22 10:37:13',15.38,1,'5, 11',267,-50.4829856768,13.7144250368),('D6F37D7A-A07E-01AA-DE27-476C89D26A8E','CcU-3015','b-2266','2021-11-25 18:06:32',419.97,0,'61, 13, 7, 71',275,-83.7747781632,179.8857815040),('D79CC16C-F4B6-2F15-14EE-50EDF35899A1','CcU-3106','b-2318','2021-07-02 07:31:35',109.49,1,'67, 73',274,79.3965716480,-22.0479566848),('D7F7744C-39EA-B921-E945-40E135484B4C','CcU-3099','b-2314','2021-10-24 18:46:00',105.82,1,'2, 13, 47, 43',275,-42.5609735168,133.8457518080),('D8357216-2798-76CA-6C49-45BEC2E8C6BB','CcU-4849','b-2302','2021-06-26 03:28:26',93.03,0,'53',186,83.7860725760,-36.5492380672),('D84548D7-A8CE-3CC7-852E-1A67EF7937F7','CcU-3981','b-2362','2021-09-16 15:19:05',165.38,0,'67, 71, 19',79,-44.2302323712,-80.2959301632),('D8FF8171-7166-24CA-3936-576581686158','CcU-3981','b-2362','2021-12-29 16:33:42',223.53,0,'41, 83',69,65.1389412352,32.4231152640),('D938FE61-B342-04B6-78A7-C9FA57B590AA','CcU-3981','b-2362','2021-08-06 09:27:14',330.90,0,'37, 23, 67, 13',72,-66.9629433856,5.1578479616),('D95F1CB4-2844-66D2-3958-E4E6EFC36A75','CcU-3393','b-2326','2021-08-14 15:42:42',266.37,0,'47, 89',110,-86.2736423936,-118.7369746432),('D9B3BB97-CA11-FBC7-90A1-A948B599A3C8','CcU-2987','b-2250','2021-05-18 10:03:25',197.65,1,'7, 19',275,57.1493908480,119.8166908928),('D9B9435F-D55B-BA72-4E66-D8A9E3DC62C0','CcU-4219','b-2302','2021-08-15 03:12:59',298.62,0,'61, 43',167,-35.1211864064,6.0376592384),('DA247F32-9723-9BB6-B770-BC39C252CE15','CcU-2938','b-2362','2021-04-09 17:23:41',283.15,0,'7, 2, 1',81,-19.4670546944,-157.9443550208),('DA7A5D76-448A-678E-4836-465C8B963F4E','CcU-4093','b-2362','2022-02-19 16:58:33',82.43,0,'83',63,45.5819088896,94.5767262208),('DAB2D839-5B54-901B-6651-995911BFAEEA','CcU-3351','b-2458','2021-06-21 14:18:14',471.54,1,'17',272,25.7486047232,-35.0837137408),('DAE50B38-3526-4AAF-71DB-4B45D29EB26A','CcU-3827','b-2618','2021-04-25 10:29:04',309.22,0,'13, 5',259,51.7478375424,114.6447785984),('DB49DD45-6B1E-A151-5881-BDE2DC2965C0','CcU-2959','b-2362','2021-05-23 00:46:05',302.82,0,'73, 41, 19',92,-89.8247949312,-160.1658118144),('DB503576-8093-1D85-37D6-3439B577AD73','CcU-3372','b-2470','2021-11-16 20:00:32',124.06,0,'5, 43',272,-58.9379032064,85.8623578112),('DC1885DA-2644-8623-0C0D-67AB5D8AB223','CcU-4191','b-2346','2021-11-17 20:39:03',121.54,0,'73, 17',96,-78.0323771392,-127.6905961472),('DC5ABC81-6D3F-E8CF-29A9-CC136D6EADB8','CcU-3799','b-2618','2022-03-15 01:15:32',101.32,0,'73, 31',261,-6.9437560832,-56.6999062528),('DD3945B9-8D77-14B9-C237-5B41A62ABDAC','CcU-4058','b-2494','2021-10-18 23:31:37',63.77,0,'43',243,-67.7533752320,133.4968464384),('DD4011AE-136E-9F62-EEA0-3E0D088E4455','CcU-4219','b-2302','2022-01-22 09:30:48',257.24,0,'59, 2, 31',158,-77.8224460800,151.8171287552),('DD760F36-BB02-83DC-69A9-E24D736E30D1','CcU-4849','b-2302','2021-11-15 04:54:23',324.43,0,'53, 23, 79, 43',187,21.1553867776,33.2200752128),('DD9B60B0-D1BC-F993-4DE8-5A247ADCD734','CcU-3393','b-2326','2021-09-24 12:08:59',176.20,0,'2, 23',110,65.0363893760,-26.2682423296),('DE182E71-1C46-2EB8-A27F-2167D2D3B5D6','CcU-2959','b-2346','2021-08-09 07:10:36',47.00,0,'73, 13',92,62.4276922368,-88.6409213952),('DE55E734-9DA5-0725-EB1A-3CEB5517D4EB','CcU-4191','b-2346','2021-10-10 15:44:36',125.11,0,'23',96,-88.8975088640,121.7824164864),('DE684792-5DEE-5E12-D0B5-C5661D48F42A','CcU-3022','b-2270','2021-06-23 15:07:22',71.55,0,'59',275,61.2277534720,13.3562263552),('DF588D4E-F11B-CDA9-0C85-49127C7F4D01','CcU-4219','b-2326','2021-04-15 20:48:52',452.66,0,'23, 47, 2',139,20.8415793152,130.4498081792),('DFEC1C7F-38E1-2AAC-ACD9-7985DB48C31D','CcU-4219','b-2302','2021-04-19 14:59:44',175.73,0,'13',151,-44.0442028032,-15.8412726272),('E13D8D35-982C-927A-7CBC-ED425AED80F9','CcU-4219','b-2302','2021-04-17 04:18:44',279.35,0,'47, 53',164,-62.7547771904,46.0398328832),('E147E181-2D6F-E466-AE2A-D2719EE19DDF','CcU-3428','b-2502','2021-08-28 17:43:06',164.88,0,'43, 53',269,-13.3549968384,-158.5614355456),('E1880EA8-64B2-9C7C-E626-D159343555D8','CcU-4835','b-2278','2022-02-15 08:54:40',248.61,0,'47, 71, 23',197,85.6262896640,-96.1839771648),('E18C0E42-B95F-11EC-4A78-4EECBF79E8B6','CcU-4597','b-2278','2022-01-18 04:53:05',238.78,0,'43, 73',210,30.5604591616,-37.0456906752),('E1A3E48E-E1B4-1E36-FE2F-C4E5A3743779','CcU-4219','b-2302','2021-11-13 11:20:35',341.67,0,'23, 67, 37',155,-44.6536071168,-169.0344758272),('E1DEA6A2-4E2A-C572-3E58-CBCBEAED2A99','CcU-3526','b-2558','2021-08-18 14:31:23',105.42,0,'47, 97',267,-43.0961108992,112.6403743744),('E2C94327-62EE-9EF1-4D62-B861858AC425','CcU-4317','b-2302','2021-03-17 01:55:49',36.83,0,'13, 43, 47, 73',224,40.8484386816,112.7596781568),('E2CCE289-2008-C783-997D-88991918CB38','CcU-4177','b-2494','2021-10-26 18:15:08',463.00,0,'89, 79, 47',234,-85.9752833024,-172.8164117504),('E2DB8D98-9328-ACDA-39A3-802C7BB36D34','CcU-3162','b-2350','2021-04-13 14:18:57',28.06,1,'67, 1',272,30.1443388416,114.3934164992),('E2DEC4AA-E02F-8829-DE30-795881675C52','CcU-4289','b-2302','2021-05-07 00:06:40',51.01,0,'59, 5, 43, 83',226,-10.0373346304,-174.3965664256),('E308729C-4A62-08C9-45C6-58C9479D4626','CcU-4779','b-2278','2021-08-15 17:09:41',224.62,0,'89, 1',201,-55.6834507776,74.7848943616),('E38DC6C5-1EE2-602D-2EA2-D2F39C771CDE','CcU-4044','b-2494','2021-12-19 20:22:36',264.41,0,'67, 17, 83, 43',244,87.6079351808,111.9427310592),('E3911BE6-151C-5FD7-C730-7F69B7841C7B','CcU-4296','b-2302','2021-06-10 12:44:49',153.33,0,'11, 73',226,25.7151283200,-48.2123001856),('E3E941D3-0866-2E6F-85D7-A2F21E79A215','CcU-3981','b-2362','2021-09-23 08:02:57',471.47,0,'7, 31, 29',64,-25.4470224896,-21.2186310656),('E4794E32-196A-C67D-8759-18821CE66CE2','CcU-3995','b-2494','2021-06-17 04:32:28',256.27,0,'43, 5, 83',247,9.5001216000,28.0357032960),('E4F6CCEB-CBC0-67F9-D8FA-84417070C642','CcU-4688','b-2278','2021-07-08 01:47:20',350.28,0,'53',208,34.0577770496,-129.3839244288),('E5078B1B-9591-E204-CC0A-E14C4EC74EAB','CcU-3204','b-2374','2021-09-05 23:29:42',220.85,0,'17, 73',272,69.5434373120,98.8782738432),('E55E6DBD-788D-DC86-967E-228632CFD313','CcU-3078','b-2302','2021-05-31 10:59:35',356.09,1,'13, 41',275,16.2685624320,-91.5667456000),('E6439B1C-C8F4-15B5-36ED-718482226631','CcU-3099','b-2314','2021-12-22 04:31:42',266.09,0,'83',275,47.7901473792,-27.6321056768),('E6512B38-3AB7-7128-77D9-0C38641CD951','CcU-3491','b-2538','2021-08-27 04:16:46',199.71,1,'7, 17, 19, 2',267,-16.1929091072,169.4665149440),('E658A8A9-3C3A-3D50-6F5C-2BA9F41DB491','CcU-4408','b-2302','2021-10-29 08:26:07',273.84,0,'2, 3',218,55.0166103040,60.2907613184),('E68665E5-5CB3-3325-9AE2-24B1E11353D2','CcU-3981','b-2362','2021-09-21 09:54:31',317.04,0,'13',73,36.9186917376,-109.3598325760),('E6873589-5339-4189-E984-9F4B54C844A4','CcU-2938','b-2362','2021-09-28 00:24:34',199.83,0,'37, 29',88,-70.2105272320,-46.1508482048),('E69AA81E-A9BE-5A34-1804-E349A1A76C26','CcU-4191','b-2346','2021-05-14 05:17:46',293.49,0,'61, 37, 19',96,13.9409456128,-116.0590621696),('E69C6E04-0063-3E7C-0676-D1AFC1536B5C','CcU-4464','b-2302','2021-05-29 16:27:44',203.60,0,'29, 3, 71',214,-47.0837728256,-105.7000973312),('E6E14C3A-1AE7-7B62-57D8-16A6F19C995F','CcU-3365','b-2466','2021-04-29 06:21:17',26.22,0,'97, 1, 7',272,77.9370782720,-39.7161906176),('E73908A2-5945-D5E9-AEC7-2C460A488864','CcU-4275','b-2302','2021-04-10 13:09:40',63.08,0,'23',227,46.5741982720,-116.5175906304),('E7756387-9D45-B1B5-D351-B1BFB64C485C','CcU-4191','b-2346','2021-12-29 09:59:28',199.81,0,'47, 79, 41, 89',96,-39.1288726528,-179.3655436288),('E8063254-0D54-D3C6-B339-78456C984528','CcU-3407','b-2490','2021-10-13 21:03:31',461.83,0,'5, 79',271,-66.3056008192,77.6051360768),('E8954683-8BAA-B66B-C641-5695425586DC','CcU-3414','b-2494','2021-04-26 07:25:20',128.13,1,'47, 13',270,-36.1433602048,138.0052504576),('E8A862CE-AC8B-A489-620C-DDD7FEB16AA2','CcU-2994','b-2326','2021-12-21 08:13:50',295.55,0,'1, 47, 67, 89',132,-60.4058348544,179.1707977728),('E95B26BA-2466-6ECB-81D4-57CB6225AB78','CcU-4849','b-2278','2021-10-28 15:33:51',169.52,0,'3, 83',194,-4.2030951424,94.9817198592),('EA06C211-5A86-C9A8-7CA3-C84D266D4B62','CcU-4681','b-2278','2021-04-22 20:14:32',478.87,0,'13, 71, 37, 29',208,-26.0517435392,33.9876397056),('EA2C3281-C9C1-A387-44F8-729FB4B51C76','CcU-2938','b-2222','2021-05-09 08:25:08',119.36,1,'59, 79, 37, 73',275,20.2004310016,-116.8400644096),('EA41A50E-27D6-3612-788C-AD736D4EF523','CcU-2959','b-2346','2021-08-16 17:15:26',320.29,0,'2, 17, 47, 19',95,27.6219155456,118.9012793344),('EA69485B-09A2-6170-73C4-65AFE5B71F4F','CcU-2959','b-2346','2021-04-16 04:35:20',110.10,0,'7, 83, 59',96,1.8063208448,-97.9624815616),('EAC77318-72E4-51E3-AB5A-9BCCBA39C8F2','CcU-3260','b-2406','2021-12-13 22:01:02',458.73,1,'61, 53, 1',272,24.5222327296,61.7144969216),('EAD89828-65AA-E817-F946-E7365972D94E','CcU-3848','b-2494','2021-07-06 07:49:29',26.96,0,'53, 13, 47, 97',258,-0.7068877824,-127.4824225792),('EAD9435C-77C0-3D84-D9A9-BF535EDABE7A','CcU-3694','b-2618','2021-05-01 16:41:40',113.49,0,'11, 67',267,-45.6502659072,63.6175548416),('EAE19DC1-C847-6D79-673D-00E7696AC336','CcU-4324','b-2302','2021-04-15 00:55:22',69.98,0,'1',224,6.3967441920,-6.7752971264),('EB142E61-B4EC-3423-4FE9-6FB2151A3DB5','CcU-4457','b-2302','2022-02-10 12:44:35',54.35,0,'67, 41, 89',214,-63.1013291008,-91.9647295488),('EB46D6A6-0851-FA55-1292-DB04B2684794','CcU-2959','b-2346','2021-07-03 17:05:48',166.23,0,'5',92,-73.4025116672,38.0525838336),('EC243849-3D95-A5B3-29B4-6F8AA1A5B999','CcU-3673','b-2618','2021-03-23 01:17:50',38.03,0,'23, 13',267,-43.1488028672,-47.0093158400),('EC8D77B4-5570-7DC6-3DE9-E46A861A7479','CcU-4219','b-2326','2022-02-07 05:24:17',471.78,0,'89, 17',141,82.7795534848,37.7706583040),('ECA2BD28-2B62-921A-A912-E68C2806C27E','CcU-3253','b-2402','2021-09-09 09:23:34',370.01,0,'79, 29',272,79.0700643328,-54.1087904768),('ED1CFB7D-E626-CE54-57A1-A036778B5E1F','CcU-3449','b-2514','2021-11-28 22:27:04',230.41,1,'59, 71, 73',268,9.7530625024,-134.7179451392),('ED9CCFC6-33C8-D6A9-731F-B762DFF1659E','CcU-2994','b-2326','2021-12-18 07:37:39',371.88,0,'71, 23, 53',136,39.8684752896,-153.4847789056),('EDC458E3-6E51-2D30-5CD6-838D10959BA5','CcU-3358','b-2462','2021-09-05 02:25:45',227.29,0,'13, 29, 59',272,59.5109033984,-129.5318037504),('EE2D8157-D63E-6A91-A363-9CF68B530AD3','CcU-4093','b-2494','2021-04-26 09:11:06',293.94,0,'41, 1',240,65.3778042880,-12.2041329664),('EE8ED5A8-CEC8-9387-524C-A911BB473C1F','CcU-2994','b-2326','2021-12-13 11:30:15',105.51,0,'19',121,-38.5150828544,-139.1505196032),('EEAAE515-66B6-B449-5926-54D397988AD9','CcU-3589','b-2594','2021-07-06 20:34:47',316.74,0,'43, 59, 11',267,-55.2664456192,21.8042976256),('EF9E08A9-457D-D7C1-41E4-059B31C35CEC','CcU-4191','b-2346','2021-05-17 10:51:12',274.28,0,'61',98,89.9212483584,158.1702048768),('EFEECC2E-2A69-AB33-D599-E82AA689E3B3','CcU-2938','b-2362','2021-07-10 22:19:27',394.59,0,'71, 53, 67',90,2.5090881536,-91.8213536768),('F1A598A2-86C5-50A9-F1CE-FB1D69866C39','CcU-2938','b-2362','2022-03-09 19:53:59',229.65,0,'79, 73',84,-65.1240208384,31.0336632832),('F22BB361-E3CD-BC41-DD6A-A4694F175CD8','CcU-3729','b-2618','2021-08-22 13:01:01',385.28,0,'23, 53, 79',266,38.2838494208,78.8200505344),('F233E386-5A74-63B3-8111-09FC9BA38011','CcU-4793','b-2278','2021-06-21 21:01:35',146.34,0,'53, 11, 37',200,23.7283445760,-175.3773511680),('F28E106B-5418-4667-9514-2E2A823ECC65','CcU-3358','b-2462','2022-03-05 05:54:37',114.89,1,'79, 47, 97',272,-55.9496151040,-11.6066209792),('F2B3E645-2E6D-E891-9D05-33DBACE58DE4','CcU-3862','b-2494','2021-05-06 06:41:18',267.52,0,'89, 19, 29',257,-72.9632501760,-164.4166023168),('F4BCAE41-3B8E-EA8D-9C24-466F7CEB9F9A','CcU-4128','b-2494','2021-05-04 22:06:42',182.01,0,'31, 61',238,-78.8221324288,87.0485080064),('F55B3CE1-3379-E0BF-5AB9-6F4CC2C5479C','CcU-4730','b-2278','2021-04-13 16:19:18',227.05,0,'37',205,-7.8763699200,-110.4244130816),('F56FCA4A-0039-9F64-7376-85632B91121B','CcU-2959','b-2346','2021-04-04 02:51:04',294.13,0,'79, 23, 71, 41',92,45.5749358592,-73.5724366848),('F5ACD74B-4275-5AA1-2414-6EF417636B98','CcU-4219','b-2302','2021-11-20 19:00:40',148.97,0,'1, 97, 3',161,-56.3547514880,152.0109979648),('F843DC08-CCB5-2444-1B4E-5966289FBA8B','CcU-3393','b-2346','2021-04-27 06:12:28',18.08,0,'7, 53, 37',102,17.9004024832,66.5477303296),('F85A7D75-2778-9D75-D776-3F41A828DE88','CcU-3393','b-2346','2021-10-09 23:46:36',135.93,0,'23, 97, 31, 3',101,24.1698056192,88.2781806592),('FA053936-75D8-85FA-490D-9B624E1B920A','CcU-3197','b-2370','2021-07-06 08:18:35',151.32,0,'37, 5',272,-75.1414936576,139.1819940864),('FAAD3FFC-1A17-E141-43D3-359A5BA7CB3B','CcU-3183','b-2362','2021-10-24 18:16:23',149.84,0,'2, 13, 5, 19',272,59.4872242176,129.9640623104),('FAC76A80-8448-69AA-E892-426C2F12621C','CcU-4576','b-2278','2021-05-30 19:10:55',304.95,0,'79, 41, 7',210,-70.6475616256,178.5941755904),('FBD7E0D6-BA6B-F5BC-0CA9-EA4B8760100C','CcU-3281','b-2418','2021-04-29 12:17:50',207.09,1,'97, 83, 29',272,83.6755958784,-77.4352168960),('FCE2AB9A-271D-2BDC-9E49-8DD92A373391','CcU-4219','b-2302','2022-02-06 21:48:41',335.56,0,'59, 5, 41, 37',152,1.5131582464,48.2748108800),('FD2E8957-414B-BEEC-E9AD-59AA7A8A6290','CcU-3232','b-2390','2022-03-12 23:27:34',78.29,0,'83, 7, 17, 89',272,-24.3194717184,-11.4134912000),('FD89D51B-AE8D-77DC-E450-B8083FBD3187','CcU-3960','b-2494','2022-03-16 01:35:05',200.72,0,'3, 2, 73, 1',250,8.0121681920,-64.6715438080),('FD9CBCCD-8E1E-8DA1-4606-7E3A6F3A5A65','CcU-4331','b-2302','2021-06-13 09:41:17',42.32,0,'37',223,-77.8604531712,-172.3457293312),('FE809ED4-2DB6-55AC-C915-929516E4646B','CcU-4849','b-2302','2021-11-09 20:35:40',219.83,0,'23, 43',185,-46.0751433728,-142.2416956416),('FE96CE47-BD59-381C-4E18-E3CA3D44E8FF','CcU-2945','b-2226','2021-06-14 22:26:29',480.13,1,'3',275,-21.8805424128,-112.5880026112);
/*!40000 ALTER TABLE `transactions` ENABLE KEYS */;
UNLOCK TABLES;

--
-- Table structure for table `users`
--

DROP TABLE IF EXISTS `users`;
/*!40101 SET @saved_cs_client     = @@character_set_client */;
/*!50503 SET character_set_client = utf8mb4 */;
CREATE TABLE `users` (
  `id` int NOT NULL,
  `name` varchar(20) DEFAULT NULL,
  `surname` varchar(20) DEFAULT NULL,
  `phone` varchar(15) DEFAULT NULL,
  `email` varchar(100) DEFAULT NULL,
  `birth_date` varchar(15) DEFAULT NULL,
  `country` varchar(50) DEFAULT NULL,
  `city` varchar(50) DEFAULT NULL,
  `postal_code` varchar(10) DEFAULT NULL,
  `address` varchar(100) DEFAULT NULL,
  PRIMARY KEY (`id`)
) ENGINE=InnoDB DEFAULT CHARSET=utf8mb4 COLLATE=utf8mb4_0900_ai_ci;
/*!40101 SET character_set_client = @saved_cs_client */;

--
-- Dumping data for table `users`
--

LOCK TABLES `users` WRITE;
/*!40000 ALTER TABLE `users` DISABLE KEYS */;
INSERT INTO `users` VALUES (1,'Zeus','Gamble','1-282-581-0551','interdum.enim@protonmail.edu','1985-11-17','United States','Lowell','73544','348-7818 Sagittis St.'),(2,'Garrett','Mcconnell','(718) 257-2412','integer.vitae.nibh@protonmail.org','1992-08-23','United States','Des Moines','59464','903 Sit Ave'),(3,'Ciaran','Harrison','(522) 598-1365','interdum.feugiat@aol.org','1998-04-29','United States','Columbus','56518','736-2063 Tellus St.'),(4,'Howard','Stafford','1-411-740-3269','ornare.egestas@icloud.edu','1989-02-18','United States','Kailua','77417','Ap #545-2244 Erat. Rd.'),(5,'Hayfa','Pierce','1-554-541-2077','et.malesuada.fames@hotmail.org','1998-09-26','United States','Sandy','31564','341-2821 Ultrices Av.'),(6,'Joel','Tyson','(718) 288-8020','gravida.nunc.sed@yahoo.ca','1989-10-15','United States','Nashville','96838','888-2799 Amet Street'),(7,'Rafael','Jimenez','(817) 689-0478','eget@outlook.ca','1981-12-04','United States','Hillsboro','29874','8627 Malesuada Rd.'),(8,'Nissim','Franks','(692) 157-3469','egestas.aliquam.fringilla@google.ca','1993-08-01','United States','Jackson','61750','Ap #251-7144 Integer St.'),(9,'Mannix','Mcclain','(590) 883-2184','aliquam.nisl@outlook.com','1987-01-24','United States','Richmond','35987','647-3080 Lacus. St.'),(10,'Robert','Mccarthy','(324) 746-6771','fermentum@protonmail.com','1984-04-30','United States','Eugene','85526','P.O. Box 773, 3594 Ornare St.'),(11,'Joan','Baird','(981) 429-8106','et@outlook.net','1990-02-25','United States','Lincoln','35211','P.O. Box 687, 8917 Ligula St.'),(12,'Benedict','Wheeler','1-515-824-2855','tincidunt.donec.vitae@hotmail.couk','1999-08-06','United States','Lewiston','92393','748-8694 Porttitor Avenue'),(13,'Allegra','Stanton','1-927-753-6488','proin.eget@protonmail.ca','1990-05-19','United States','Kearney','14947','4457 Ante. Av.'),(14,'Sara','Flynn','1-311-646-9333','integer@outlook.net','1988-12-27','United States','Warren','20288','P.O. Box 865, 4397 Ante St.'),(15,'Noelani','Patrick','1-723-488-5894','sem.magna@google.com','1993-09-17','United States','Orlando','47987','596-5044 Sapien, Street'),(16,'Eric','Roth','1-218-549-8253','lorem.sit@yahoo.net','1988-09-07','United States','Reading','96697','P.O. Box 541, 5137 Non Road'),(17,'Bruce','Gill','(744) 732-8628','metus@aol.net','1990-03-04','United States','Davenport','43415','Ap #836-9508 Vitae, Ave'),(18,'Russell','Jimenez','(657) 779-2438','orci@outlook.edu','1993-08-26','United States','Hattiesburg','75647','4095 Quam Rd.'),(19,'Nicholas','Travis','1-330-223-9652','libero.dui@hotmail.com','1981-07-15','United States','Jacksonville','71727','Ap #459-539 Lectus Avenue'),(20,'Kelsey','Bates','(653) 724-4754','ullamcorper.nisl@aol.com','1981-05-06','United States','Gulfport','50423','824-3624 Lacinia St.'),(21,'Hall','Reeves','(241) 759-9235','erat.eget@hotmail.edu','1987-07-22','United States','Warren','85521','Ap #745-5948 Sollicitudin St.'),(22,'Allistair','Holmes','1-265-323-0812','donec.tempor.est@protonmail.com','1990-11-05','United States','Montpelier','85914','Ap #794-4229 Ante Rd.'),(23,'Kelsie','Bass','1-837-832-5631','consequat@google.ca','1990-04-02','United States','Jefferson City','97237','407-7562 A, Road'),(24,'Nolan','Cash','(273) 334-3785','nam@hotmail.com','1994-09-09','United States','Owensboro','61256','501-2733 Luctus. Rd.'),(25,'Wanda','Campbell','(702) 823-5535','sagittis@google.couk','1999-05-31','United States','San Jose','88665','Ap #337-8747 Auctor. Ave'),(26,'Aquila','Strickland','1-246-231-5495','enim.sit@icloud.com','1982-09-28','United States','Colchester','26637','Ap #260-4612 Massa Road'),(27,'Diana','Williamson','1-285-365-7779','id.nunc@google.com','1991-12-14','United States','Kearney','93484','362-9552 Sed Rd.'),(28,'Elmo','Cain','1-663-583-6021','nec.metus.facilisis@google.org','1980-10-13','United States','Columbus','25225','P.O. Box 585, 4446 Suspendisse St.'),(29,'Deacon','Sharpe','(312) 529-1643','hendrerit@icloud.net','1979-09-19','United States','Naperville','63967','672-9145 Ullamcorper, Ave'),(30,'Martena','Blackwell','1-336-632-3280','at.nisi.cum@icloud.org','1987-02-21','United States','Columbia','53144','641 Lacus. St.'),(31,'Francis','Bryant','(654) 360-7374','quisque.ac.libero@protonmail.edu','1992-08-17','United States','Waterbury','91358','P.O. Box 596, 9052 Quisque St.'),(32,'Chase','Yang','1-771-216-5335','pellentesque.eget@google.net','1999-04-23','United States','Duluth','32807','207-9951 Mi, Avenue'),(33,'Venus','Sanders','(679) 326-6342','nec.ante.maecenas@aol.com','1990-01-06','United States','Little Rock','40790','4840 Lorem Rd.'),(34,'Sopoline','Branch','1-557-503-3642','nec@yahoo.org','1979-04-08','United States','Gary','79667','745 Vivamus Avenue'),(35,'Yvonne','Gibson','1-424-288-3275','risus@outlook.org','1993-01-07','United States','Vancouver','21213','Ap #356-7162 Ligula Rd.'),(36,'Raymond','Thornton','1-581-648-7426','enim.nisl@google.edu','1982-12-06','United States','Kansas City','26231','746-3251 Aptent Avenue'),(37,'Graiden','Glover','(888) 957-3868','non.hendrerit@hotmail.ca','1987-11-11','United States','Portland','35397','Ap #497-8090 Vel Avenue'),(38,'Abra','Doyle','(367) 861-9621','augue.eu@outlook.edu','1986-08-22','United States','Chicago','54137','409-9169 Cubilia St.'),(39,'Nyssa','Shaffer','1-899-494-4941','malesuada.fames@google.ca','1991-07-02','United States','Columbus','27828','4215 Libero Road'),(40,'Astra','Alexander','1-877-546-5066','lectus.nullam.suscipit@google.org','1983-03-12','United States','Columbus','78276','P.O. Box 384, 117 Et St.'),(41,'Uriel','Hebert','1-265-846-2455','donec@outlook.com','1981-11-30','United States','Juneau','33549','670-5867 Eget Street'),(42,'Lucy','Branch','(459) 164-9989','odio.etiam@aol.couk','1991-10-31','United States','Joliet','27874','134-848 Orci, Rd.'),(43,'Jayme','Chavez','(542) 568-7326','fusce.feugiat@outlook.com','1984-07-29','United States','Aurora','28283','8659 Enim. Rd.'),(44,'Aquila','Haley','1-951-243-1892','tempus.risus@outlook.edu','1996-01-21','United States','Newark','51734','Ap #197-7436 Neque. Road'),(45,'Richard','O\'donnell','1-275-844-6782','ac.nulla@outlook.org','1986-10-04','United States','Frankfort','72520','P.O. Box 333, 3191 Ullamcorper, Ave'),(46,'Alika','Valdez','(781) 178-0838','dapibus.gravida@yahoo.net','1990-08-08','United States','Salem','55729','P.O. Box 580, 196 Cras Ave'),(47,'Herrod','Wright','(575) 645-3218','odio.auctor.vitae@yahoo.edu','1999-11-11','United States','Fort Wayne','72865','8745 Elementum Road'),(48,'Patrick','Reyes','1-607-729-5993','conubia.nostra@icloud.com','1986-07-29','United States','San Jose','96740','1150 Etiam Av.'),(49,'Lev','Roth','1-685-331-7392','auctor.vitae.aliquet@yahoo.net','1981-12-03','United States','Richmond','52748','P.O. Box 455, 4035 Ullamcorper, Road'),(50,'Aretha','Chang','1-634-250-1977','suspendisse.aliquet.molestie@hotmail.edu','1998-05-11','United States','Jonesboro','26937','491 Neque St.'),(51,'Lionel','Griffith','1-816-243-8788','ultricies.sem.magna@yahoo.org','1993-04-03','United States','Wichita','17638','P.O. Box 191, 5848 A, Ave'),(52,'Sheila','Sullivan','(426) 608-1653','arcu.vel@google.edu','1981-05-17','United States','Sacramento','48147','Ap #644-7695 Nec, Rd.'),(53,'Lucas','Lloyd','(513) 819-9413','sagittis.duis.gravida@outlook.net','1980-06-20','United States','Waterbury','56684','745-3814 Metus. Rd.'),(54,'Emma','Park','(581) 468-8549','vel.turpis.aliquam@icloud.org','1991-05-27','United States','Topeka','70684','Ap #558-7250 Vivamus Rd.'),(55,'Barrett','Andrews','(573) 474-8979','ligula.consectetuer@protonmail.edu','1995-11-28','United States','Tacoma','14982','5363 Rhoncus Street'),(56,'Odysseus','Frye','(236) 402-6048','sociis.natoque@outlook.org','1983-02-19','United States','Norman','74030','772-6878 Sociosqu Av.'),(57,'Daquan','Kirk','1-748-565-9125','ultricies@hotmail.ca','1994-12-22','United States','Grand Rapids','46875','5438 Odio. Avenue'),(58,'Sandra','Owens','1-961-472-4829','eu.enim@icloud.ca','1980-10-14','United States','Fort Worth','44233','465-230 Ullamcorper, Rd.'),(59,'Heather','Bradshaw','1-535-845-1352','luctus.et@aol.couk','1984-12-04','United States','Kaneohe','85163','6641 Convallis St.'),(60,'Roth','Cook','(122) 759-2618','ullamcorper.eu@icloud.edu','1996-11-23','United States','Aurora','26839','Ap #815-8102 Ante. St.'),(61,'Duncan','Romero','1-226-441-1416','ligula.aenean.euismod@hotmail.com','1990-02-04','United States','Hilo','68158','267-173 Felis Rd.'),(62,'Phyllis','Holt','1-806-654-1534','metus.vitae.velit@outlook.couk','1987-06-07','United States','Newark','81711','Ap #111-6364 Libero. Rd.'),(63,'Beverly','Burt','(336) 263-4576','aliquam.enim@aol.edu','1996-12-12','United States','Pittsburgh','18438','P.O. Box 632, 6754 Fringilla Road'),(64,'Irma','Whitehead','1-332-774-7232','mauris.quis@google.org','1988-02-14','United States','Norman','47637','393-6189 Sem Ave'),(65,'Yeo','Emerson','(473) 596-9486','lacinia.at.iaculis@aol.net','1993-09-26','United States','Salem','71835','Ap #897-3426 Orci, Av.'),(66,'Bert','Juarez','1-404-537-2914','pede.nec@outlook.net','1988-09-14','United States','Colchester','85478','757-6748 Placerat St.'),(67,'Kenneth','Morrison','1-214-178-7152','elementum.sem.vitae@outlook.org','1981-09-10','United States','Saint Louis','65146','801-4640 Odio Rd.'),(68,'Whoopi','Ford','1-548-301-4313','enim.diam.vel@google.com','1979-04-30','United States','Bloomington','76233','P.O. Box 312, 3903 Aliquam Rd.'),(69,'Stone','Atkinson','1-751-189-8258','etiam@outlook.com','1993-01-31','United States','Columbus','36506','Ap #820-7449 Tellus Rd.'),(70,'Debra','Farley','(377) 214-5814','non.justo@aol.com','1985-01-31','United States','San Jose','88326','P.O. Box 855, 7643 Eu Street'),(71,'Emerson','Hess','1-342-775-1174','orci.tincidunt.adipiscing@icloud.ca','1984-05-12','United States','Mesa','33568','Ap #191-5633 Lectus Rd.'),(72,'Jael','Robles','(267) 616-3375','lorem.eget.mollis@protonmail.net','1983-06-06','United States','Spokane','97103','266 Dictum Avenue'),(73,'Warren','Christian','1-125-829-9354','malesuada.vel@icloud.ca','1993-01-12','United States','Boise','95246','Ap #323-5264 Convallis Rd.'),(74,'Zelenia','Good','1-971-397-7840','aenean@google.couk','1988-09-21','United States','Wichita','78518','176-5987 Sociis St.'),(75,'Colleen','Juarez','1-647-277-0329','sodales@yahoo.edu','1990-05-25','United States','Lewiston','36194','919-2582 Et, St.'),(76,'Glenna','Gutierrez','(567) 428-5368','amet@outlook.couk','1990-09-25','United States','Newark','58673','9288 Posuere St.'),(77,'Jared','Compton','1-416-623-5165','vel.quam@outlook.net','1999-01-18','United States','Norfolk','13086','354-782 Tempor Ave'),(78,'Camilla','Zimmerman','(403) 839-3861','enim@aol.com','1997-11-20','United States','Aurora','79643','Ap #612-9307 Metus Av.'),(79,'Preston','Hubbard','(485) 611-5951','in.cursus.et@protonmail.com','2000-08-16','United States','Savannah','73062','P.O. Box 761, 364 Mauris Road'),(80,'Sophia','Bradford','(795) 358-4243','eu@outlook.com','1985-02-10','United States','Paradise','89058','Ap #425-5343 Fermentum Rd.'),(81,'Acton','Gallegos','1-784-875-8068','rhoncus.donec@yahoo.org','1989-02-06','United States','Lexington','54348','5613 Ut St.'),(82,'Stacey','Moses','(768) 696-2845','ante.iaculis.nec@hotmail.edu','1985-09-07','United States','South Portland','84463','Ap #786-4555 Scelerisque Avenue'),(83,'Dana','Ware','1-997-209-1750','nisi.a@outlook.net','1979-11-29','United States','Hillsboro','59188','Ap #801-3094 Nec Av.'),(84,'Craig','Shepherd','1-817-268-8038','feugiat@protonmail.net','1997-07-21','United States','Dover','29670','P.O. Box 629, 4780 Egestas Rd.'),(85,'Dawn','Murray','1-818-547-6341','ante.dictum.mi@outlook.couk','1989-12-13','United States','Fairbanks','67154','8209 Morbi Av.'),(86,'Quintessa','Buckley','1-461-623-4184','justo.sit.amet@hotmail.ca','1987-12-16','United States','Anchorage','95823','572-4088 Tempor, Ave'),(87,'Camden','Carpenter','1-842-231-7504','enim.commodo@google.ca','1981-08-14','United States','Waterbury','78847','5748 Amet Road'),(88,'Holmes','Ramsey','(913) 726-8674','id.erat@aol.net','1998-07-03','United States','Augusta','35453','P.O. Box 359, 8428 Nec, St.'),(89,'Lars','Mercado','1-561-562-1561','sem.vitae@aol.net','1991-04-27','United States','Huntsville','34901','Ap #892-9811 Proin St.'),(90,'Alika','Kinney','(625) 262-0063','parturient@hotmail.org','1996-01-03','United States','Davenport','64481','P.O. Box 898, 349 Ultricies Road'),(91,'Serina','Carter','(852) 256-1633','tellus.id.nunc@icloud.com','1984-02-14','United States','Reading','72245','424-6510 Sit Street'),(92,'Lynn','Riddle','1-387-885-4057','vitae.aliquet@outlook.edu','1984-09-21','United States','Bozeman','61871','P.O. Box 712, 7907 Est St.'),(93,'Kimberley','Avila','(614) 862-3520','magna.phasellus@outlook.com','1997-04-04','United States','Burlington','71305','269-4732 Maecenas Street'),(94,'Kim','Zimmerman','(406) 496-7968','sed.dictum@hotmail.couk','1981-10-07','United States','Pittsburgh','89349','Ap #274-5686 Nec Rd.'),(95,'Chase','Ellis','(322) 137-3271','quisque.purus@hotmail.edu','2000-12-19','United States','New Haven','72721','1311 Accumsan Road'),(96,'Brennan','Wynn','(831) 607-3574','nullam.ut@yahoo.net','1988-11-01','United States','Lewiston','74004','Ap #774-4981 Elementum Avenue'),(97,'Joseph','Davidson','1-184-847-8256','mauris@outlook.net','1987-01-18','United States','Allentown','88451','P.O. Box 178, 6049 Luctus St.'),(98,'Cassandra','Ferguson','(594) 318-2465','eu@google.couk','1992-05-08','United States','Tuscaloosa','83383','497-7857 Eget, Rd.'),(99,'Reed','Rutledge','1-472-670-2236','facilisis.facilisis@outlook.net','1997-02-17','United States','Newport News','36951','225-6073 Magna Ave'),(100,'Melodie','Mclean','1-677-221-7152','risus.varius@google.ca','1989-09-15','United States','College','11838','Ap #644-8492 Sagittis St.'),(101,'Sarah','Beck','(358) 691-4345','vitae.risus@aol.couk','1983-04-09','United States','Great Falls','67129','665-9047 In, Rd.'),(102,'Jasper','Landry','1-397-765-1118','consectetuer.euismod@aol.org','1982-04-16','United States','Columbus','11595','Ap #374-7325 Sodales Rd.'),(103,'Upton','Chavez','(227) 785-6484','euismod.est@aol.ca','1986-03-15','United States','Essex','95631','1990 Vel, Av.'),(104,'Martha','Barlow','(732) 326-5448','vulputate@hotmail.net','1988-10-29','United States','Chicago','41512','Ap #311-7103 In Avenue'),(105,'Hashim','Rose','(858) 313-6727','urna@icloud.com','1983-03-28','United States','Tacoma','99632','8034 Tortor, Road'),(106,'Tanner','Valenzuela','1-346-421-3135','nascetur.ridiculus@google.net','1993-04-06','United States','Naperville','31130','Ap #114-2616 Fusce Road'),(107,'Victor','Valencia','(239) 569-1938','non.enim@hotmail.couk','1998-05-01','United States','Warren','15158','Ap #182-9926 At St.'),(108,'Germaine','Suarez','1-931-750-6983','risus@icloud.com','1984-02-01','United States','Cleveland','36183','Ap #383-1856 Mauris Avenue'),(109,'Raven','Reynolds','(667) 453-9731','sed@aol.com','1986-07-11','United States','Rockville','64325','P.O. Box 753, 3474 Orci, Av.'),(110,'Neil','Powers','(864) 881-6737','nec.metus@aol.edu','1980-09-03','United States','Clarksville','46921','571-2024 Quam Avenue'),(111,'Astra','Baldwin','1-643-565-3266','adipiscing.ligula.aenean@protonmail.net','1999-07-03','United States','Indianapolis','74764','932-8297 Ac Ave'),(112,'Ryder','Cole','1-572-759-8544','nec.enim.nunc@protonmail.net','1990-09-04','United States','South Portland','52161','Ap #286-4884 Arcu. Avenue'),(113,'Risa','Frost','1-712-488-5451','neque.pellentesque@outlook.org','1996-05-05','United States','Kearney','88986','Ap #678-785 Leo. Road'),(114,'Jasmine','Castro','1-512-143-0648','lorem@google.ca','1987-01-05','United States','San Jose','94101','9948 Dictum. Road'),(115,'Urielle','Holman','1-424-793-4354','leo@google.ca','1985-10-11','United States','Green Bay','29058','268-1889 Adipiscing Rd.'),(116,'Sacha','Compton','(265) 342-4775','sed.dictum.proin@yahoo.org','1981-09-01','United States','Wilmington','94151','Ap #722-5423 Velit. Road'),(117,'Halla','Pearson','(681) 698-7518','lacus.etiam@protonmail.couk','1994-04-19','United States','Biloxi','65926','664-903 In, Street'),(118,'Brooke','Jensen','(124) 739-9067','purus.mauris.a@icloud.ca','1981-08-23','United States','Erie','68334','P.O. Box 718, 9538 Velit Road'),(119,'Damian','Mcgee','(712) 572-8735','neque.nullam@hotmail.edu','1988-09-20','United States','Racine','67561','Ap #383-8201 Orci Street'),(120,'Solomon','Blake','1-814-753-4054','in.at.pede@hotmail.edu','1990-02-23','United States','Glendale','32725','469-4293 Aenean St.'),(121,'Ainsley','Herrera','1-380-341-6875','est.congue@hotmail.couk','1996-03-28','United States','Madison','64252','779-913 Cras Rd.'),(122,'Desiree','Carey','(888) 429-3660','pellentesque.tellus.sem@protonmail.edu','1989-09-10','United States','Reading','71452','P.O. Box 651, 6745 Donec St.'),(123,'Dominique','Tillman','1-956-793-8208','vitae.dolor.donec@google.ca','1999-09-28','United States','New Orleans','33029','618-3352 Amet, Street'),(124,'Walter','Larsen','(435) 652-7642','et.netus.et@yahoo.net','1979-09-15','United States','College','31347','Ap #946-1494 Mauris Rd.'),(125,'Celeste','Ellis','1-847-855-3441','dapibus.rutrum@yahoo.org','1994-01-29','United States','Wichita','84214','Ap #521-1005 Dolor Av.'),(126,'Kim','Mooney','1-252-337-6661','sed.nec@google.org','2000-11-28','United States','Lewiston','84345','377-2270 Ante St.'),(127,'Ezra','Beard','(743) 567-0923','morbi.sit@google.com','1984-04-08','United States','Los Angeles','43908','P.O. Box 783, 1432 Inceptos Rd.'),(128,'Lucas','Dawson','(404) 491-1122','in.consectetuer.ipsum@yahoo.com','1983-09-13','United States','Shreveport','82532','P.O. Box 926, 2853 Non, Rd.'),(129,'Amber','Blevins','(734) 712-6456','nunc@outlook.org','1979-08-14','United States','Honolulu','51863','P.O. Box 878, 292 Orci Rd.'),(130,'Oscar','Neal','1-923-222-4140','magna.nec@icloud.net','1983-12-29','United States','Casper','94343','653 Posuere Road'),(131,'Hiram','Preston','(774) 220-4835','ridiculus.mus@yahoo.net','1996-01-14','United States','Rochester','24724','P.O. Box 579, 727 Ipsum Rd.'),(132,'Gisela','Johnston','(223) 563-2771','accumsan.sed@outlook.couk','1993-07-29','United States','Auburn','58677','489-8011 Faucibus Ave'),(133,'Iona','Soto','1-249-240-5843','tristique.aliquet@protonmail.com','1998-04-15','United States','Iowa City','73017','Ap #327-9970 Sollicitudin St.'),(134,'Tiger','Davis','(571) 492-5568','nonummy.ut@hotmail.ca','1997-04-12','United States','Aurora','80460','P.O. Box 346, 7204 Quam. Rd.'),(135,'Zahir','Swanson','(758) 354-1913','nam.ac@hotmail.couk','1991-01-12','United States','Dover','27834','684 Sed Ave'),(136,'Sonya','Hobbs','1-508-176-1405','quis.pede@aol.com','1981-01-08','United States','Memphis','24123','Ap #959-1231 Aliquam Road'),(137,'Brody','Goodwin','1-789-944-8575','donec.felis@outlook.couk','1982-04-02','United States','Tucson','61282','779-7842 Dolor Ave'),(138,'Wesley','Bush','1-814-353-8532','fermentum.arcu@hotmail.com','1987-02-08','United States','Owensboro','77662','270-4210 Et, Road'),(139,'Walker','Gibson','1-935-527-2111','ipsum.primis@yahoo.edu','1980-01-20','United States','Annapolis','99895','P.O. Box 694, 6043 Dolor. St.'),(140,'Oprah','Nicholson','(485) 970-9786','a@google.edu','1981-09-19','United States','Bridgeport','38328','8543 Velit Av.'),(141,'Clark','Hewitt','1-522-475-6115','et.malesuada@aol.couk','1997-10-20','United States','Tuscaloosa','35547','Ap #260-1064 Quisque St.'),(142,'Wyatt','Morris','1-402-317-8621','consequat@google.org','1992-10-11','United States','Salt Lake City','37463','P.O. Box 436, 6802 Purus Avenue'),(143,'Genevieve','Nolan','1-346-724-1579','quis@outlook.com','1990-09-03','United States','Springfield','37616','Ap #124-9427 Ante. Rd.'),(144,'Jeanette','Blanchard','1-287-355-3938','amet.dapibus@google.couk','1996-07-06','United States','San Jose','26707','Ap #529-6734 Ipsum Road'),(145,'Ursula','Stewart','1-442-838-6756','commodo.auctor.velit@outlook.ca','1994-02-17','United States','Lincoln','69791','161-6225 Ac, Street'),(146,'Priscilla','Skinner','(468) 855-0771','laoreet.lectus@aol.edu','1980-07-31','United States','Sandy','86701','207-6998 At Ave'),(147,'Brody','Talley','(307) 307-2751','metus.sit.amet@outlook.org','1991-06-13','United States','Fayetteville','42374','469-5852 Tellus Street'),(148,'Kerry','Adkins','(528) 872-1974','augue.eu.tempor@icloud.couk','1983-03-13','United States','Dallas','86373','Ap #422-4836 Nunc Rd.'),(149,'Brock','Doyle','(265) 140-9567','cursus.a@aol.edu','1986-02-19','United States','Tuscaloosa','77945','Ap #172-5737 Lorem St.'),(150,'Oleg','Coleman','1-131-139-5673','dis@outlook.edu','1981-12-02','United States','Indianapolis','28528','722-3056 Eu, Road'),(151,'Meghan','Hayden','0800 746 6747','arcu.vel@hotmail.ca','1980-07-02','United Kingdom','Tullibody','A1Y 3TC','Ap #432-4493 Aliquet Rd.'),(152,'Hakeem','Alford','(0111) 367 0184','adipiscing.ligula@google.edu','1979-09-30','United Kingdom','Kettering','O21 7JV','551-8930 Lobortis Street'),(153,'Keegan','Pugh','(016977) 3851','sodales.nisi@aol.org','1994-07-27','United Kingdom','Whitehaven','HQ8V 7YP','Ap #312-5898 Consectetuer St.'),(154,'Cooper','Bullock','(021) 2521 6627','et@outlook.net','1986-11-02','United Kingdom','Presteigne','U18 0DN','872-1866 Pede Rd.'),(155,'Joshua','Russell','055 4409 5286','justo.nec.ante@outlook.edu','1984-01-23','United Kingdom','Hatfield','B5H 5CS','Ap #285-4727 Auctor. Av.'),(156,'Remedios','Case','055 3114 1566','mollis.phasellus.libero@aol.com','1994-10-09','United Kingdom','North Berwick','QR0 8CW','479-3690 Turpis Road'),(157,'Philip','Carey','0800 640 6251','phasellus@yahoo.net','1992-10-10','United Kingdom','Lochgilphead','CE2 6HT','196-1103 Quisque Street'),(158,'Fatima','Dyer','0800 1111','adipiscing@google.org','1988-12-24','United Kingdom','Northampton','IL3X 6XD','Ap #435-7194 Scelerisque, St.'),(159,'Kylynn','Acevedo','056 5727 9602','dignissim.lacus.aliquam@google.org','2000-05-10','United Kingdom','Pitlochry','K3 8UL','871-3506 Lectus. Ave'),(160,'Lael','Moody','07123 850737','nunc.sed@aol.org','1987-11-19','United Kingdom','Brora','Q87 5JM','Ap #633-810 Purus. Road'),(161,'Nora','Reeves','(01692) 29410','ac@aol.com','1989-12-24','United Kingdom','Blaenau Ffestiniog','T37 5PO','Ap #956-407 Et St.'),(162,'Francesca','Sawyer','(01632) 32279','nunc@protonmail.com','1985-04-27','United Kingdom','Bolton','B35 2LE','654-6011 Sociis Avenue'),(163,'Denton','Blackburn','(015406) 66385','tincidunt@outlook.edu','1985-01-29','United Kingdom','March','YI3K 0GV','Ap #219-2146 A, Av.'),(164,'Preston','Hood','0845 46 47','convallis.est.vitae@yahoo.edu','1986-07-29','United Kingdom','Elgin','R22 2AI','Ap #828-7829 Suspendisse Rd.'),(165,'Nora','Cantrell','0500 767716','varius.et.euismod@protonmail.net','1988-02-06','United Kingdom','Carterton','Q2 8QE','1041 Lectus, Av.'),(166,'Matthew','Woodard','070 6461 3432','urna@outlook.net','1991-01-31','United Kingdom','Bonnyrigg','RN4P 8WW','5258 Magna. Avenue'),(167,'Sheila','Dickerson','(01645) 68676','et.lacinia@hotmail.ca','1998-07-26','United Kingdom','Peterhead','WM3E 9RO','Ap #541-5450 Ullamcorper. Road'),(168,'Donna','Rivers','07553 472381','elit.erat@aol.org','1990-06-09','United Kingdom','Weston-super-Mare','H8G 8FL','690-204 Mauris, St.'),(169,'Linda','Gaines','(011370) 15148','faucibus@outlook.edu','1992-10-15','United Kingdom','Newbury','I5 4TY','P.O. Box 600, 6215 Nulla Av.'),(170,'William','Benjamin','0800 1111','porttitor@icloud.ca','1987-05-15','United Kingdom','Coldstream','KY0 0DY','662-8112 Praesent Av.'),(171,'Gary','Robbins','0500 856738','dolor.dolor@google.edu','1995-11-08','United Kingdom','Stoke-on-Trent','N41 3PZ','P.O. Box 262, 1554 Vel, Ave'),(172,'Yoko','Calhoun','055 0680 3951','dui.nec@outlook.org','1998-10-28','United Kingdom','Lochgilphead','GV7Y 7OL','166-9231 Nulla. St.'),(173,'Bertha','Sloan','070 7845 5485','et.eros@aol.couk','1996-03-24','United Kingdom','Dunstable','VB7 5NO','P.O. Box 257, 1885 Tincidunt, Ave'),(174,'Amal','Kennedy','(0121) 837 5655','tellus@aol.com','1986-12-26','United Kingdom','Kircudbright','JP9Q 1AK','Ap #224-4191 Et Street'),(175,'Brent','Bates','0500 221383','ipsum.primis.in@aol.ca','1996-04-08','United Kingdom','Brodick','WJ1Q 2LP','P.O. Box 249, 1044 Erat Ave'),(176,'Lucas','Stevenson','0800 1111','quis.pede.praesent@google.net','1998-09-09','United Kingdom','Dover','VU8 7QH','832-6324 Nunc Ave'),(177,'Lisandra','Carpenter','07624 223711','nunc@google.net','2000-08-20','United Kingdom','Keith','XA5V 0RZ','Ap #681-4983 Nec, Av.'),(178,'Guinevere','Kemp','070 1590 7780','suscipit@google.net','1987-06-18','United Kingdom','Kingussie','XX8 1SH','Ap #801-3785 Lacus. St.'),(179,'Stuart','Small','(016977) 2504','sodales.elit.erat@icloud.net','1983-04-21','United Kingdom','Basingstoke','AG9B 3SE','P.O. Box 484, 610 Et Ave'),(180,'Amelia','Valenzuela','(016977) 9972','ac.nulla@google.couk','1986-02-27','United Kingdom','Stockport','BK0M 3FQ','2729 Feugiat. Road'),(181,'Kermit','O\'brien','076 8212 1580','cursus@google.com','1995-01-15','United Kingdom','St. Andrews','D5 2TG','Ap #659-5780 Elit. Rd.'),(182,'Dane','Shepard','0975 985 5842','vehicula@hotmail.net','1999-10-13','United Kingdom','Selkirk','T8Q 7XU','P.O. Box 148, 5146 Placerat. Av.'),(183,'Germane','Whitehead','(016977) 7528','malesuada.malesuada.integer@aol.net','1982-10-20','United Kingdom','Alva','GC6Y 2EW','895-5715 Ipsum. Road'),(184,'Ulla','Ramirez','055 1225 6227','phasellus.elit@icloud.couk','1998-10-30','United Kingdom','Sromness','ED8P 8YK','9746 Aliquet St.'),(185,'Molly','Gilliam','0800 120 8023','donec@outlook.couk','1993-12-21','United Kingdom','Banchory','U8H 7PH','P.O. Box 202, 5638 Mi Rd.'),(186,'Dale','Gonzales','056 1962 2173','velit.in.aliquet@protonmail.org','1989-10-14','United Kingdom','Dorchester','A3X 1PW','289-2745 Aliquet Ave'),(187,'David','Vance','0500 351083','vulputate.velit.eu@protonmail.org','1996-08-06','United Kingdom','Tregaron','TS6A 1YW','P.O. Box 921, 3511 Tempus, Rd.'),(188,'Keane','Mckinney','0345 629 4218','at.arcu@google.net','1993-07-06','United Kingdom','Leominster','QJ73 6UB','102-637 Ac Rd.'),(189,'Walter','Lamb','(016977) 7335','ut.erat@hotmail.edu','1998-04-23','United Kingdom','Biggleswade','OA9M 7PV','592-7699 In Road'),(190,'Shellie','Valenzuela','0500 899570','dictum.phasellus.in@google.couk','1998-06-27','United Kingdom','Fort William','K5G 6GF','2506 Natoque St.'),(191,'Deirdre','Todd','056 3122 8029','purus.mauris.a@icloud.org','1984-12-16','United Kingdom','Millport','PR67 4CE','3423 A, Avenue'),(192,'Phoebe','Roth','076 5361 4786','arcu.eu@google.org','1981-02-02','United Kingdom','Buckie','R6W 3JZ','9091 At Ave'),(193,'Minerva','Wilkins','07581 368219','aliquam.adipiscing@yahoo.edu','2000-08-31','United Kingdom','Shaftesbury','N9R 8TC','437-5979 Et Ave'),(194,'Porter','Francis','0500 257479','quis.accumsan@aol.couk','1991-07-20','United Kingdom','Newton Abbot','O4 2AI','132-7918 Elementum, Avenue'),(195,'Rosalyn','Blake','(015905) 28451','integer@protonmail.net','1984-04-25','United Kingdom','Swindon','P4 6UA','Ap #694-5578 Viverra. Av.'),(196,'Blaze','Duke','0800 060 8337','quis@hotmail.ca','1992-02-12','United Kingdom','March','V5 2UL','416-2357 Vel, Rd.'),(197,'Carly','Mathews','(024) 5216 7655','mauris@protonmail.edu','1996-05-23','United Kingdom','Bathgate','KH0E 3HR','8486 Nunc Ave'),(198,'Keely','Fox','0800 1111','id.mollis@google.net','1989-07-01','United Kingdom','Blairgowrie','N4 5WB','8716 Mi St.'),(199,'Lewis','Melendez','(016977) 5758','non@yahoo.net','1990-07-08','United Kingdom','March','JM6 4QS','Ap #615-7530 Nunc Av.'),(200,'Nero','Mills','056 4507 5712','adipiscing@protonmail.org','1984-08-08','United Kingdom','Newtown','KK80 6UC','Ap #809-8475 Donec Street'),(201,'Iola','Powers','018-139-4717','ante.blandit@outlook.edu','2000-03-20','Canada','Rigolet','V6T 6M7','154-5415 Auctor St.'),(202,'Maxwell','Holden','045-402-7693','donec@hotmail.edu','1986-12-02','Canada','Murdochville','S7E 6E0','Ap #880-6372 Ultrices. St.'),(203,'Jarrod','Fields','010-741-8105','sit.amet@google.couk','1982-01-06','Canada','Baddeck','K3X 6Z5','441-8969 Rhoncus Road'),(204,'Emerson','Sharp','068-138-9383','ante.iaculis@outlook.ca','1994-10-15','Canada','Maple Creek','Y2C 9E6','517-6759 Ut, Av.'),(205,'Sonya','Mckee','041-151-9737','magna.phasellus.dolor@google.ca','1983-05-07','Canada','Dieppe','E7S 4P8','Ap #916-8051 A St.'),(206,'Harper','Hart','030-656-1670','fringilla.donec@outlook.net','2000-11-17','Canada','Quebec City','B4K 0J6','8588 Massa. Ave'),(207,'Yvonne','Hatfield','003-854-1445','magna.et.ipsum@google.edu','1981-09-22','Canada','Rae-Edzo','20Y 8L2','Ap #636-8055 Egestas St.'),(208,'Burke','Graham','064-568-4454','vel@yahoo.org','1993-02-23','Canada','Annapolis Royal','S4Y 8V5','Ap #983-6042 Amet Street'),(209,'Athena','Malone','027-280-8275','pellentesque.tincidunt@yahoo.ca','1991-12-14','Canada','Cambridge Bay','93Z 5S5','Ap #388-8542 Est St.'),(210,'Slade','Poole','084-771-1363','amet@icloud.com','2001-02-16','Canada','Ottawa','A1S 9W6','601-6142 Etiam St.'),(211,'Larissa','Carpenter','066-617-3711','congue@aol.org','1998-01-21','Canada','Cumberland','S5Y 2L8','7285 Sed St.'),(212,'Zeph','Schmidt','056-157-7412','vestibulum.lorem@hotmail.ca','1986-04-10','Canada','Fort Smith','V3G 8B3','4756 Tempor Rd.'),(213,'Blake','Strickland','067-339-3024','ac.libero.nec@yahoo.com','1983-04-15','Canada','Mission','R0V 9R2','P.O. Box 207, 6843 Imperdiet Avenue'),(214,'Cleo','George','026-867-1198','pellentesque.habitant@outlook.net','1998-12-24','Canada','Kakisa','R6W 8G7','Ap #266-9424 Orci St.'),(215,'Keegan','Watson','058-771-3718','interdum.enim.non@protonmail.edu','1996-05-02','Canada','Oxford County','S7H 0G4','270-2964 Aliquet Avenue'),(216,'Tana','Stout','035-569-5523','et.magnis.dis@aol.net','1983-06-28','Canada','Municipal District','D6Y 8V7','7884 Vulputate Rd.'),(217,'Avye','Key','016-727-3427','non.dui@yahoo.net','1987-03-16','Canada','Marystown','37N 1N0','P.O. Box 712, 8627 Mi Rd.'),(218,'Sonia','Dejesus','091-540-1865','ipsum.porta@google.edu','1997-06-13','Canada','Fredericton','H6H 1C1','231-8704 Tempor Ave'),(219,'Ivan','Saunders','036-230-9218','egestas.blandit.nam@icloud.org','1985-07-07','Canada','Houston','b5M 0E6','350-1489 Sit Road'),(220,'Martha','Roth','077-482-6236','semper.rutrum@yahoo.edu','1994-04-05','Canada','Gander','A3X 8E4','Ap #179-4366 Pellentesque St.'),(221,'Sasha','Emerson','024-226-4281','tempor.augue.ac@icloud.couk','1981-08-24','Canada','Watson Lake','H3X 9N3','885-8605 Egestas Rd.'),(222,'Theodore','Barry','098-447-1583','at.pede.cras@google.ca','1983-02-16','Canada','Ucluelet','B2C 5H2','786-2757 Diam Rd.'),(223,'Linus','Willis','056-347-2535','ultrices.posuere@yahoo.couk','1992-03-23','Canada','Lourdes','B0R 4L1','6491 Cursus St.'),(224,'Raymond','Oneil','001-668-7183','lorem@outlook.ca','1987-01-21','Canada','Watson Lake','E9K 1S7','172 Enim. St.'),(225,'Ursa','Kelly','007-454-7455','vitae.diam@icloud.ca','1996-08-21','Canada','West Vancouver','T0G 8G4','540-895 Bibendum. Avenue'),(226,'Willa','Rowland','011-259-1714','sociosqu.ad.litora@outlook.net','2001-02-19','Canada','Paulatuk','S4T 5M8','Ap #728-8176 A, St.'),(227,'Idola','Bowen','039-398-2123','gravida.molestie.arcu@outlook.org','1991-01-18','Canada','Dieppe','S1Y 5T7','Ap #685-1370 Curabitur Av.'),(228,'Leonard','Davenport','033-159-5147','venenatis@yahoo.net','1989-10-30','Canada','Beauport','27C 8H7','P.O. Box 293, 261 Donec Ave'),(229,'Wade','Russell','002-612-8695','ipsum@yahoo.org','1987-10-13','Canada','Guysborough','66A 5X8','579-6807 Tellus Road'),(230,'Dean','Donovan','064-828-4927','dolor.elit@outlook.org','1989-01-31','Canada','Cornwall','b3C 9X8','346-6657 Diam Rd.'),(231,'Zoe','Morrow','039-828-3280','lacinia@google.com','1987-10-25','Canada','Town of Yarmouth','S1A 9G5','Ap #672-8013 Natoque St.'),(232,'Elijah','Stone','035-145-1918','in@yahoo.net','1988-01-24','Canada','Shawinigan','74W 5N4','Ap #210-4430 Donec Road'),(233,'Griffith','Golden','056-674-6383','nunc@yahoo.org','1989-12-04','Canada','Municipal District','53S 8R5','190-7471 Dolor. Street'),(234,'Camilla','Roach','011-421-2427','tristique.senectus@hotmail.edu','1993-02-27','Canada','Brandon','R2E 1C9','Ap #858-5803 Praesent Street'),(235,'Medge','Nieves','044-518-5071','ac@icloud.couk','1993-06-11','Canada','Ponoka','H7R 2T8','561-787 Pellentesque Street'),(236,'Gemma','Calderon','049-527-1060','in.faucibus.morbi@aol.edu','1989-11-12','Canada','Champlain','S4J 1P5','983-9057 Integer Av.'),(237,'Drake','Walsh','048-338-9721','libero.integer@google.edu','1984-01-22','Canada','Flin Flon','f8T 7B4','P.O. Box 511, 7500 Interdum Ave'),(238,'Chester','Haynes','059-783-3104','ut@protonmail.edu','1988-09-13','Canada','Cochrane','74M 8T1','P.O. Box 284, 9364 Ultrices St.'),(239,'Melissa','Cameron','012-127-5563','quisque.varius@protonmail.ca','1992-02-21','Canada','Beausejour','B0K 2P6','Ap #147-7582 Ante St.'),(240,'Jada','Porter','074-247-8256','condimentum.donec@aol.ca','1987-09-08','Canada','North Vancouver','R5L 6C1','P.O. Box 557, 8889 Erat Rd.'),(241,'Xandra','Spencer','016-322-6574','cursus.in@outlook.net','1989-06-22','Canada','Fraser-Fort George','P1B 8C8','P.O. Box 848, 3751 Ante, Road'),(242,'Neville','Donovan','027-122-5812','ac@protonmail.edu','1988-05-21','Canada','Cape Breton Island','R8H 1V7','326-1559 Nunc. Avenue'),(243,'Alan','Vazquez','084-548-5311','sapien.gravida.non@protonmail.couk','1996-06-17','Canada','Fort Good Hope','41T 4T0','697-3023 Donec Road'),(244,'Andrew','Strong','037-676-0570','nulla.at@google.ca','1997-05-17','Canada','Watson Lake','Z1B 9R8','P.O. Box 961, 5209 Ridiculus Av.'),(245,'Iola','Griffith','081-781-2806','magna@protonmail.couk','1995-05-05','Canada','Penticton','A2E 1B5','P.O. Box 912, 8949 Quis Avenue'),(246,'Lewis','Lynn','061-978-2835','consectetuer.adipiscing@outlook.edu','1979-06-13','Canada','Neuville','20N 5E1','Ap #549-4391 Dapibus St.'),(247,'Olga','Case','083-633-4683','turpis@yahoo.edu','1991-07-04','Canada','Lions Bay','N1J 8P7','P.O. Box 140, 3589 Vestibulum. Ave'),(248,'Allen','Calhoun','024-836-3222','ipsum.non@outlook.ca','1987-11-01','Canada','Cambridge Bay','N7J 8S7','Ap #698-8629 Nulla Street'),(249,'Rhea','Harvey','052-042-5654','proin@protonmail.org','1997-07-02','Canada','Weyburn','j7L 2S9','910-7903 Habitant Avenue'),(250,'Hilda','Levy','088-867-5267','et.libero@yahoo.org','1994-12-21','Canada','Baddeck','B4R 5C5','P.O. Box 306, 6953 At Street'),(251,'Zane','Collier','098-548-1455','in.aliquet.lobortis@icloud.com','1980-08-25','Canada','Beaconsfield','H4Y 6Y2','P.O. Box 309, 103 Neque Street'),(252,'Zephania','Collins','031-817-1549','urna.vivamus@icloud.ca','1994-06-29','Canada','Arviat','Y8X 0E8','237-5532 Donec St.'),(253,'Keane','Parks','048-303-4775','consectetuer.adipiscing@google.edu','1986-10-02','Canada','Town of Yarmouth','T2R 4Z7','793-2776 Ornare St.'),(254,'John','Cotton','085-253-4901','diam@yahoo.org','1983-09-26','Canada','Colwood','53K 8S9','Ap #324-6329 Ipsum Road'),(255,'Blaze','Daniel','087-870-8309','felis@protonmail.org','1998-10-11','Canada','Swan Hills','Y1N 5X1','811-6644 Id, Road'),(256,'Lane','Paul','044-254-6877','nec.euismod@aol.edu','1983-08-10','Canada','Saskatoon','T3J 3X5','P.O. Box 850, 1002 Purus. Av.'),(257,'Heather','Burks','053-588-8671','primis.in@protonmail.com','1994-10-13','Canada','Dieppe','86W 9G5','Ap #966-2226 Congue, Street'),(258,'Stone','Robbins','076-226-5738','tempus.eu.ligula@google.edu','1980-06-26','Canada','Caledon','R4R 6Y3','Ap #169-3524 Quam Street'),(259,'Slade','Downs','034-228-4880','nunc@protonmail.net','1994-05-28','Canada','Minitonas','T2Y 5Z1','Ap #219-2963 Tristique Road'),(260,'Grace','Rowe','071-756-4297','convallis.convallis@hotmail.edu','1987-03-25','Canada','Abbotsford','Y7S 3W6','Ap #417-5793 Tincidunt Rd.'),(261,'Violet','Weber','019-661-3744','aliquet.metus@hotmail.couk','1984-09-23','Canada','Ucluelet','W4C 3H8','102-5355 Aliquet. Av.'),(262,'Brett','Kirby','076-166-2169','auctor.nunc.nulla@outlook.org','1988-12-12','Canada','Banff','S6V 7V5','Ap #431-3047 Adipiscing Rd.'),(263,'Ima','Hendricks','065-953-8795','diam.proin@icloud.net','1990-11-06','Canada','Whitehorse','78V 0B5','Ap #750-483 Lorem, Rd.'),(264,'Keiko','Guerra','034-741-6314','blandit@outlook.ca','1993-12-12','Canada','Bathurst','T7C 9N8','Ap #243-4259 Lectus Street'),(265,'Chloe','Keith','022-178-1548','arcu.eu@protonmail.org','1999-01-10','Canada','Oliver','B5T 7L6','P.O. Box 289, 3192 Cursus St.'),(266,'Aiko','Chaney','026-660-1876','ante.ipsum.primis@protonmail.ca','1986-10-16','Canada','Vancouver','R8S 1E1','821-3499 Sapien. Ave'),(267,'Ocean','Nelson','079-481-2745','aenean@yahoo.com','1991-12-26','Canada','Charlottetown','85X 3P4','Ap #732-8357 Pede, Rd.'),(268,'Clark','Olson','029-086-1867','nunc@icloud.net','1987-03-15','Canada','Montague','S3Y 1W6','1315 Est Rd.'),(269,'Haley','Fitzpatrick','055-871-6664','in.aliquet@outlook.org','1996-01-10','Canada','Pangnirtung','R0Y 1E3','P.O. Box 914, 451 Nam Rd.'),(270,'Elton','Roberson','096-325-5107','tristique.pharetra@google.net','1990-10-12','Canada','McCallum','R0V 4P6','2857 Natoque Road'),(271,'Leandra','Cherry','089-285-7016','lobortis.quis@hotmail.ca','1991-09-02','Canada','Gander','H6S 6M9','554-9293 Sollicitudin Av.'),(272,'Hedwig','Gilbert','064-204-8788','sem.eget@icloud.edu','1991-04-16','Canada','Tuktoyaktuk','Q4C 3G7','P.O. Box 496, 5145 Sapien Road'),(273,'Hilary','Ferguson','060-710-1604','sapien.molestie.orci@google.edu','1981-11-03','Canada','Pangnirtung','12T 5G4','Ap #736-4628 Cras St.'),(274,'Jameson','Hunt','024-732-2321','fringilla@protonmail.com','1982-01-29','Canada','Township of Minden Hills','B6V 6N4','224-4927 Praesent Ave'),(275,'Kenyon','Hartman','082-871-7248','convallis.ante.lectus@yahoo.com','1982-08-03','Canada','Richmond','R8H 2K2','8564 Facilisi. St.');
/*!40000 ALTER TABLE `users` ENABLE KEYS */;
UNLOCK TABLES;
/*!40103 SET TIME_ZONE=@OLD_TIME_ZONE */;

/*!40101 SET SQL_MODE=@OLD_SQL_MODE */;
/*!40014 SET FOREIGN_KEY_CHECKS=@OLD_FOREIGN_KEY_CHECKS */;
/*!40014 SET UNIQUE_CHECKS=@OLD_UNIQUE_CHECKS */;
/*!40101 SET CHARACTER_SET_CLIENT=@OLD_CHARACTER_SET_CLIENT */;
/*!40101 SET CHARACTER_SET_RESULTS=@OLD_CHARACTER_SET_RESULTS */;
/*!40101 SET COLLATION_CONNECTION=@OLD_COLLATION_CONNECTION */;
/*!40111 SET SQL_NOTES=@OLD_SQL_NOTES */;

-- Dump completed on 2024-10-29 22:56:10
